<metadata xml:lang="en"><Esri><CreaDate>20141202</CreaDate><CreaTime>10544300</CreaTime><SyncOnce>FALSE</SyncOnce><SyncDate>20091214</SyncDate><SyncTime>14351300</SyncTime><ModDate>20141202</ModDate><ModTime>11012200</ModTime><DataProperties><lineage><Process ToolSource="c:\program files (x86)\arcgis\desktop10.1\ArcToolbox\Toolboxes\Data Management Tools.tbx\CalculateField" Date="20130821" Time="134905" Name="" export="">CalculateField E911MstrPnts2013 Side R VB #</Process><Process ToolSource="c:\program files (x86)\arcgis\desktop10.1\ArcToolbox\Toolboxes\Data Management Tools.tbx\CalculateField" Date="20130821" Time="134931" Name="" export="">CalculateField E911MstrPnts2013 Side "R" VB #</Process><Process ToolSource="c:\program files (x86)\arcgis\desktop10.1\ArcToolbox\Toolboxes\Data Management Tools.tbx\CalculateField" Date="20130821" Time="134941" Name="" export="">CalculateField E911MstrPnts2013 Score 100 VB #</Process><Process ToolSource="c:\program files (x86)\arcgis\desktop10.1\ArcToolbox\Toolboxes\Data Management Tools.tbx\CalculateField" Date="20130821" Time="140024" Name="" export="">CalculateField E911MstrPnts2013 SNAME "SUMMER LAND DR" VB #</Process><Process ToolSource="c:\program files (x86)\arcgis\desktop10.1\ArcToolbox\Toolboxes\Data Management Tools.tbx\CalculateField" Date="20130821" Time="140054" Name="" export="">CalculateField E911MstrPnts2013 ADDRESS "[HNUM] + " SUMMER LAND DR"" VB #</Process><Process ToolSource="c:\program files (x86)\arcgis\desktop10.1\ArcToolbox\Toolboxes\Data Management Tools.tbx\CalculateField" Date="20130821" Time="140237" Name="" export="">CalculateField E911MstrPnts2013 ADDRESS "[HNUM] + " SUMMER LAND DR"" VB #</Process><Process ToolSource="c:\program files (x86)\arcgis\desktop10.1\ArcToolbox\Toolboxes\Data Management Tools.tbx\CalculateField" Date="20130821" Time="140344" Name="" export="">CalculateField E911MstrPnts2013 ADDRESS "[HNUM] + " BLOOM DR"" VB #</Process><Process ToolSource="c:\program files (x86)\arcgis\desktop10.1\ArcToolbox\Toolboxes\Data Management Tools.tbx\CalculateField" Date="20130821" Time="140502" Name="" export="">CalculateField E911MstrPnts2013 ADDRESS "[HNUM] + " BLOOM DR"" VB #</Process><Process ToolSource="c:\program files (x86)\arcgis\desktop10.1\ArcToolbox\Toolboxes\Data Management Tools.tbx\CalculateField" Date="20130821" Time="140516" Name="" export="">CalculateField E911MstrPnts2013 Side "L" VB #</Process><Process ToolSource="c:\program files (x86)\arcgis\desktop10.1\ArcToolbox\Toolboxes\Data Management Tools.tbx\CalculateField" Date="20130821" Time="140526" Name="" export="">CalculateField E911MstrPnts2013 Side "L" VB #</Process><Process ToolSource="c:\program files (x86)\arcgis\desktop10.1\ArcToolbox\Toolboxes\Data Management Tools.tbx\CalculateField" Date="20130821" Time="140809" Name="" export="">CalculateField E911MstrPnts2013 ADDRESS "[HNUM] +" BLOOM DR"" VB #</Process><Process ToolSource="c:\program files (x86)\arcgis\desktop10.1\ArcToolbox\Toolboxes\Data Management Tools.tbx\CalculateField" Date="20130821" Time="140913" Name="" export="">CalculateField E911MstrPnts2013 ADDRESS "[HNUM] +" BLOOM DR"" VB #</Process><Process ToolSource="c:\program files (x86)\arcgis\desktop10.1\ArcToolbox\Toolboxes\Data Management Tools.tbx\CalculateField" Date="20130821" Time="141008" Name="" export="">CalculateField E911MstrPnts2013 ADDRESS "[HNUM] +" BLOOM DR"" VB #</Process><Process ToolSource="c:\program files (x86)\arcgis\desktop10.1\ArcToolbox\Toolboxes\Data Management Tools.tbx\CalculateField" Date="20130821" Time="141124" Name="" export="">CalculateField E911MstrPnts2013 SNAME "SUMMERLAND DR" VB #</Process><Process ToolSource="c:\program files (x86)\arcgis\desktop10.1\ArcToolbox\Toolboxes\Data Management Tools.tbx\CalculateField" Date="20130821" Time="141138" Name="" export="">CalculateField E911MstrPnts2013 SNAME "SUMMER LAND DR" VB #</Process><Process ToolSource="c:\program files (x86)\arcgis\desktop10.1\ArcToolbox\Toolboxes\Data Management Tools.tbx\CalculateField" Date="20130821" Time="141155" Name="" export="">CalculateField E911MstrPnts2013 ADDRESS "[HNUM] + " SUMMER LAND DR"" VB #</Process><Process ToolSource="c:\program files (x86)\arcgis\desktop10.1\ArcToolbox\Toolboxes\Data Management Tools.tbx\CalculateField" Date="20130821" Time="141247" Name="" export="">CalculateField E911MstrPnts2013 ADDRESS "[HNUM] + " SUMMER LAND DR"" VB #</Process><Process ToolSource="c:\program files (x86)\arcgis\desktop10.1\ArcToolbox\Toolboxes\Data Management Tools.tbx\CalculateField" Date="20130821" Time="141301" Name="" export="">CalculateField E911MstrPnts2013 Side "R" VB #</Process><Process ToolSource="c:\program files (x86)\arcgis\desktop10.1\ArcToolbox\Toolboxes\Data Management Tools.tbx\CalculateField" Date="20130821" Time="141402" Name="" export="">CalculateField E911MstrPnts2013 ADDRESS "[HNUM] +" PEACH TREE DR"" VB #</Process><Process ToolSource="c:\program files (x86)\arcgis\desktop10.1\ArcToolbox\Toolboxes\Data Management Tools.tbx\CalculateField" Date="20130821" Time="141538" Name="" export="">CalculateField E911MstrPnts2013 ADDRESS "[HNUM] +" PEACH TREE DR"" VB #</Process><Process ToolSource="c:\program files (x86)\arcgis\desktop10.1\ArcToolbox\Toolboxes\Data Management Tools.tbx\CalculateField" Date="20130821" Time="142958" Name="" export="">CalculateField E911MstrPnts2013 ADDRESS "[HNUM] +" CLING DR"" VB #</Process><Process ToolSource="c:\program files (x86)\arcgis\desktop10.1\ArcToolbox\Toolboxes\Data Management Tools.tbx\CalculateField" Date="20130821" Time="143043" Name="" export="">CalculateField E911MstrPnts2013 COMM "MSVL" VB #</Process><Process ToolSource="c:\program files (x86)\arcgis\desktop10.1\ArcToolbox\Toolboxes\Data Management Tools.tbx\CalculateField" Date="20130821" Time="153841" Name="" export="">CalculateField E911MstrPnts2013 ADDRESS "[HNUM] +" SILVERGATE CT"" VB #</Process><Process ToolSource="c:\program files (x86)\arcgis\desktop10.1\ArcToolbox\Toolboxes\Data Management Tools.tbx\CalculateField" Date="20130821" Time="154212" Name="" export="">CalculateField E911MstrPnts2013 ADDRESS "[HNUM] +" BRIGHTON CT"" VB #</Process><Process ToolSource="c:\program files (x86)\arcgis\desktop10.1\ArcToolbox\Toolboxes\Data Management Tools.tbx\CalculateField" Date="20130821" Time="154755" Name="" export="">CalculateField E911MstrPnts2013 ADDRESS "[HNUM] +" MANCHESTER DR"" VB #</Process><Process ToolSource="c:\program files (x86)\arcgis\desktop10.1\ArcToolbox\Toolboxes\Data Management Tools.tbx\CalculateField" Date="20130821" Time="155252" Name="" export="">CalculateField E911MstrPnts2013 ADDRESS "[HNUM] +" BIRMINGTON CT"" VB #</Process><Process ToolSource="c:\program files (x86)\arcgis\desktop10.1\ArcToolbox\Toolboxes\Data Management Tools.tbx\CalculateField" Date="20130821" Time="163905" Name="" export="">CalculateField E911MstrPnts2013 ADDRESS "[HNUM] +" PENDLETON CT"" VB #</Process><Process ToolSource="c:\program files (x86)\arcgis\desktop10.1\ArcToolbox\Toolboxes\Data Management Tools.tbx\CalculateField" Date="20130821" Time="164210" Name="" export="">CalculateField E911MstrPnts2013 ADDRESS "[HNUM] +" BRISTOL CT"" VB #</Process><Process ToolSource="c:\program files (x86)\arcgis\desktop10.1\ArcToolbox\Toolboxes\Data Management Tools.tbx\CalculateField" Date="20130821" Time="164415" Name="" export="">CalculateField E911MstrPnts2013 ADDRESS "[HNUM] +" NORWICH CT"" VB #</Process><Process ToolSource="c:\program files (x86)\arcgis\desktop10.1\ArcToolbox\Toolboxes\Data Management Tools.tbx\CalculateField" Date="20130821" Time="164704" Name="" export="">CalculateField E911MstrPnts2013 ADDRESS "[HNUM] +" HANOVER CT"" VB #</Process><Process ToolSource="c:\program files (x86)\arcgis\desktop10.1\ArcToolbox\Toolboxes\Data Management Tools.tbx\CalculateField" Date="20130821" Time="165009" Name="" export="">CalculateField E911MstrPnts2013 ADDRESS "[HNUM] +" NEWCASTLE WAY"" VB #</Process><Process ToolSource="c:\program files (x86)\arcgis\desktop10.1\ArcToolbox\Toolboxes\Data Management Tools.tbx\CalculateField" Date="20130821" Time="165333" Name="" export="">CalculateField E911MstrPnts2013 ADDRESS "[HNUM] +" " + [SNAME]" VB #</Process><Process ToolSource="c:\program files (x86)\arcgis\desktop10.1\ArcToolbox\Toolboxes\Data Management Tools.tbx\CalculateField" Date="20130821" Time="165820" Name="" export="">CalculateField E911MstrPnts2013 ADDRESS "[HNUM] +" " + [SNAME]" VB #</Process><Process ToolSource="c:\program files (x86)\arcgis\desktop10.1\ArcToolbox\Toolboxes\Data Management Tools.tbx\CalculateField" Date="20130909" Time="140910" Name="" export="">CalculateField E911MstrPnts2013 SNAME "GOLD RIVER WAY" VB #</Process><Process ToolSource="c:\program files (x86)\arcgis\desktop10.1\ArcToolbox\Toolboxes\Data Management Tools.tbx\CalculateField" Date="20130909" Time="140925" Name="" export="">CalculateField E911MstrPnts2013 Score 100 VB #</Process><Process ToolSource="c:\program files (x86)\arcgis\desktop10.1\ArcToolbox\Toolboxes\Data Management Tools.tbx\CalculateField" Date="20130909" Time="140941" Name="" export="">CalculateField E911MstrPnts2013 COMM "MSVL" VB #</Process><Process ToolSource="c:\program files (x86)\arcgis\desktop10.1\ArcToolbox\Toolboxes\Data Management Tools.tbx\CalculateField" Date="20130909" Time="140951" Name="" export="">CalculateField E911MstrPnts2013 ST "CA" VB #</Process><Process ToolSource="c:\program files (x86)\arcgis\desktop10.1\ArcToolbox\Toolboxes\Data Management Tools.tbx\CalculateField" Date="20130909" Time="141125" Name="" export="">CalculateField E911MstrPnts2013 ADDRESS "[HNUM] +" "+ [SNAME]" VB #</Process><Process ToolSource="c:\program files (x86)\arcgis\desktop10.1\ArcToolbox\Toolboxes\Data Management Tools.tbx\CalculateField" Date="20130909" Time="141140" Name="" export="">CalculateField E911MstrPnts2013 Side "L" VB #</Process><Process ToolSource="c:\program files (x86)\arcgis\desktop10.1\ArcToolbox\Toolboxes\Data Management Tools.tbx\CalculateField" Date="20130909" Time="141149" Name="" export="">CalculateField E911MstrPnts2013 Side "R" VB #</Process><Process ToolSource="c:\program files (x86)\arcgis\desktop10.1\ArcToolbox\Toolboxes\Data Management Tools.tbx\CalculateField" Date="20130909" Time="141215" Name="" export="">CalculateField E911MstrPnts2013 SNAME "WATERVILLE DR" VB #</Process><Process ToolSource="c:\program files (x86)\arcgis\desktop10.1\ArcToolbox\Toolboxes\Data Management Tools.tbx\CalculateField" Date="20130909" Time="141227" Name="" export="">CalculateField E911MstrPnts2013 Side "L" VB #</Process><Process ToolSource="c:\program files (x86)\arcgis\desktop10.1\ArcToolbox\Toolboxes\Data Management Tools.tbx\CalculateField" Date="20130909" Time="141245" Name="" export="">CalculateField E911MstrPnts2013 COMM "MSVL" VB #</Process><Process ToolSource="c:\program files (x86)\arcgis\desktop10.1\ArcToolbox\Toolboxes\Data Management Tools.tbx\CalculateField" Date="20130909" Time="141255" Name="" export="">CalculateField E911MstrPnts2013 ST "CA" VB #</Process><Process ToolSource="c:\program files (x86)\arcgis\desktop10.1\ArcToolbox\Toolboxes\Data Management Tools.tbx\CalculateField" Date="20130909" Time="141332" Name="" export="">CalculateField E911MstrPnts2013 ADDRESS "[HNUM] +" " + [SNAME]" VB #</Process><Process ToolSource="c:\program files (x86)\arcgis\desktop10.1\ArcToolbox\Toolboxes\Data Management Tools.tbx\CalculateField" Date="20130909" Time="141631" Name="" export="">CalculateField E911MstrPnts2013 SNAME "MEADOW BROOK WAY" VB #</Process><Process ToolSource="c:\program files (x86)\arcgis\desktop10.1\ArcToolbox\Toolboxes\Data Management Tools.tbx\CalculateField" Date="20130909" Time="141649" Name="" export="">CalculateField E911MstrPnts2013 COMM "MSVL" VB #</Process><Process ToolSource="c:\program files (x86)\arcgis\desktop10.1\ArcToolbox\Toolboxes\Data Management Tools.tbx\CalculateField" Date="20130909" Time="141701" Name="" export="">CalculateField E911MstrPnts2013 ST "CA" VB #</Process><Process ToolSource="c:\program files (x86)\arcgis\desktop10.1\ArcToolbox\Toolboxes\Data Management Tools.tbx\CalculateField" Date="20130909" Time="141712" Name="" export="">CalculateField E911MstrPnts2013 Score 99 VB #</Process><Process ToolSource="c:\program files (x86)\arcgis\desktop10.1\ArcToolbox\Toolboxes\Data Management Tools.tbx\CalculateField" Date="20130909" Time="141921" Name="" export="">CalculateField E911MstrPnts2013 Side "R" VB #</Process><Process ToolSource="c:\program files (x86)\arcgis\desktop10.1\ArcToolbox\Toolboxes\Data Management Tools.tbx\CalculateField" Date="20130909" Time="141940" Name="" export="">CalculateField E911MstrPnts2013 ADDRESS "[HNUM] +" " + [SNAME]" VB #</Process><Process ToolSource="c:\program files (x86)\arcgis\desktop10.1\ArcToolbox\Toolboxes\Data Management Tools.tbx\CalculateField" Date="20130909" Time="142040" Name="" export="">CalculateField E911MstrPnts2013 Side "L" VB #</Process><Process ToolSource="c:\program files (x86)\arcgis\desktop10.1\ArcToolbox\Toolboxes\Data Management Tools.tbx\CalculateField" Date="20130909" Time="142700" Name="" export="">CalculateField E911MstrPnts2013 ADDRESS "[HNUM] +" " + [SNAME]" VB #</Process><Process ToolSource="c:\program files (x86)\arcgis\desktop10.1\ArcToolbox\Toolboxes\Data Management Tools.tbx\CalculateField" Date="20130909" Time="142719" Name="" export="">CalculateField E911MstrPnts2013 Score 100 VB #</Process><Process ToolSource="c:\program files (x86)\arcgis\desktop10.1\ArcToolbox\Toolboxes\Data Management Tools.tbx\CalculateField" Date="20130909" Time="142808" Name="" export="">CalculateField E911MstrPnts2013 Score 100 VB #</Process><Process ToolSource="c:\program files (x86)\arcgis\desktop10.1\ArcToolbox\Toolboxes\Data Management Tools.tbx\CalculateField" Date="20130909" Time="142815" Name="" export="">CalculateField E911MstrPnts2013 Side "R" VB #</Process><Process ToolSource="c:\program files (x86)\arcgis\desktop10.1\ArcToolbox\Toolboxes\Data Management Tools.tbx\CalculateField" Date="20130909" Time="142907" Name="" export="">CalculateField E911MstrPnts2013 ADDRESS "[HNUM] +" " + [SNAME]" VB #</Process><Process ToolSource="c:\program files (x86)\arcgis\desktop10.1\ArcToolbox\Toolboxes\Data Management Tools.tbx\CalculateField" Date="20130909" Time="144137" Name="" export="">CalculateField E911MstrPnts2013 Score 100 VB #</Process><Process ToolSource="c:\program files (x86)\arcgis\desktop10.1\ArcToolbox\Toolboxes\Data Management Tools.tbx\CalculateField" Date="20130909" Time="144203" Name="" export="">CalculateField E911MstrPnts2013 Side "L" VB #</Process><Process ToolSource="c:\program files (x86)\arcgis\desktop10.1\ArcToolbox\Toolboxes\Data Management Tools.tbx\CalculateField" Date="20130909" Time="144218" Name="" export="">CalculateField E911MstrPnts2013 SNAME "NORTH BEALE RD" VB #</Process><Process ToolSource="c:\program files (x86)\arcgis\desktop10.1\ArcToolbox\Toolboxes\Data Management Tools.tbx\CalculateField" Date="20130909" Time="144235" Name="" export="">CalculateField E911MstrPnts2013 COMM "MSVL" VB #</Process><Process ToolSource="c:\program files (x86)\arcgis\desktop10.1\ArcToolbox\Toolboxes\Data Management Tools.tbx\CalculateField" Date="20130909" Time="144247" Name="" export="">CalculateField E911MstrPnts2013 ST "CA" VB #</Process><Process ToolSource="c:\program files (x86)\arcgis\desktop10.1\ArcToolbox\Toolboxes\Data Management Tools.tbx\CalculateField" Date="20130909" Time="144259" Name="" export="">CalculateField E911MstrPnts2013 ADDRESS "[HNUM] +" " + [SNAME]" VB #</Process><Process ToolSource="c:\program files (x86)\arcgis\desktop10.1\ArcToolbox\Toolboxes\Data Management Tools.tbx\CalculateField" Date="20130909" Time="144319" Name="" export="">CalculateField E911MstrPnts2013 HNUM "1523" VB #</Process><Process ToolSource="c:\program files (x86)\arcgis\desktop10.1\ArcToolbox\Toolboxes\Data Management Tools.tbx\CalculateField" Date="20130909" Time="144507" Name="" export="">CalculateField E911MstrPnts2013 ADDRESS "[HNUM] + [HNUMS] +" " + [SNAME]" VB #</Process><Process ToolSource="c:\program files (x86)\arcgis\desktop10.1\ArcToolbox\Toolboxes\Data Management Tools.tbx\CalculateField" Date="20130909" Time="144651" Name="" export="">CalculateField E911MstrPnts2013 Score 100 VB #</Process><Process ToolSource="c:\program files (x86)\arcgis\desktop10.1\ArcToolbox\Toolboxes\Data Management Tools.tbx\CalculateField" Date="20130909" Time="144700" Name="" export="">CalculateField E911MstrPnts2013 Side "L" VB #</Process><Process ToolSource="c:\program files (x86)\arcgis\desktop10.1\ArcToolbox\Toolboxes\Data Management Tools.tbx\CalculateField" Date="20130909" Time="144709" Name="" export="">CalculateField E911MstrPnts2013 HNUM 1523
 VB #</Process><Process ToolSource="c:\program files (x86)\arcgis\desktop10.1\ArcToolbox\Toolboxes\Data Management Tools.tbx\CalculateField" Date="20130909" Time="144723" Name="" export="">CalculateField E911MstrPnts2013 SNAME "NORTH BEALE RD" VB #</Process><Process ToolSource="c:\program files (x86)\arcgis\desktop10.1\ArcToolbox\Toolboxes\Data Management Tools.tbx\CalculateField" Date="20130909" Time="144734" Name="" export="">CalculateField E911MstrPnts2013 COMM "MSVL" VB #</Process><Process ToolSource="c:\program files (x86)\arcgis\desktop10.1\ArcToolbox\Toolboxes\Data Management Tools.tbx\CalculateField" Date="20130909" Time="144744" Name="" export="">CalculateField E911MstrPnts2013 ST "CA" VB #</Process><Process ToolSource="c:\program files (x86)\arcgis\desktop10.1\ArcToolbox\Toolboxes\Data Management Tools.tbx\CalculateField" Date="20130909" Time="144832" Name="" export="">CalculateField E911MstrPnts2013 ADDRESS "[HNUM] + [HNUMS] +" " + [SNAME]" VB #</Process><Process ToolSource="c:\program files (x86)\arcgis\desktop10.1\ArcToolbox\Toolboxes\Data Management Tools.tbx\CalculateField" Date="20130909" Time="144934" Name="" export="">CalculateField E911MstrPnts2013 ADDRESS "[HNUM] + [HNUMS] +" " + [SNAME]" VB #</Process><Process ToolSource="c:\program files (x86)\arcgis\desktop10.1\ArcToolbox\Toolboxes\Data Management Tools.tbx\CalculateField" Date="20130909" Time="145645" Name="" export="">CalculateField E911MstrPnts2013 ADDRESS "[HNUM] + [HNUMS] +" " + [SNAME]" VB #</Process><Process ToolSource="c:\program files (x86)\arcgis\desktop10.1\ArcToolbox\Toolboxes\Data Management Tools.tbx\CalculateField" Date="20130909" Time="145704" Name="" export="">CalculateField E911MstrPnts2013 SNAME "NORTH BEALE RD" VB #</Process><Process ToolSource="c:\program files (x86)\arcgis\desktop10.1\ArcToolbox\Toolboxes\Data Management Tools.tbx\CalculateField" Date="20130909" Time="145713" Name="" export="">CalculateField E911MstrPnts2013 Score 100
 VB #</Process><Process ToolSource="c:\program files (x86)\arcgis\desktop10.1\ArcToolbox\Toolboxes\Data Management Tools.tbx\CalculateField" Date="20130909" Time="145725" Name="" export="">CalculateField E911MstrPnts2013 HNUM 1523 VB #</Process><Process ToolSource="c:\program files (x86)\arcgis\desktop10.1\ArcToolbox\Toolboxes\Data Management Tools.tbx\CalculateField" Date="20130909" Time="145744" Name="" export="">CalculateField E911MstrPnts2013 COMM "MSVL" VB #</Process><Process ToolSource="c:\program files (x86)\arcgis\desktop10.1\ArcToolbox\Toolboxes\Data Management Tools.tbx\CalculateField" Date="20130909" Time="145752" Name="" export="">CalculateField E911MstrPnts2013 ST "CA" VB #</Process><Process ToolSource="c:\program files (x86)\arcgis\desktop10.1\ArcToolbox\Toolboxes\Data Management Tools.tbx\CalculateField" Date="20130909" Time="145922" Name="" export="">CalculateField E911MstrPnts2013 ADDRESS "[HNUM] + [HNUMS] +" " + [SNAME]" VB #</Process><Process ToolSource="c:\program files (x86)\arcgis\desktop10.1\ArcToolbox\Toolboxes\Data Management Tools.tbx\CalculateField" Date="20130909" Time="150103" Name="" export="">CalculateField E911MstrPnts2013 ADDRESS "[HNUM] + [HNUMS] +" " + [SNAME]" VB #</Process><Process ToolSource="c:\program files (x86)\arcgis\desktop10.1\ArcToolbox\Toolboxes\Data Management Tools.tbx\CalculateField" Date="20130909" Time="150500" Name="" export="">CalculateField E911MstrPnts2013 ADDRESS "[HNUM] + [HNUMS] +" " + [SNAME]" VB #</Process><Process ToolSource="c:\program files (x86)\arcgis\desktop10.1\ArcToolbox\Toolboxes\Data Management Tools.tbx\CalculateField" Date="20130909" Time="150600" Name="" export="">CalculateField E911MstrPnts2013 ADDRESS "[HNUM] + [HNUMS] +" " + [SNAME]" VB #</Process><Process ToolSource="c:\program files (x86)\arcgis\desktop10.1\ArcToolbox\Toolboxes\Data Management Tools.tbx\CalculateField" Date="20130909" Time="150732" Name="" export="">CalculateField E911MstrPnts2013 ADDRESS "[HNUM] + [HNUMS] +" " + [SNAME]" VB #</Process><Process ToolSource="c:\program files (x86)\arcgis\desktop10.1\ArcToolbox\Toolboxes\Data Management Tools.tbx\CalculateField" Date="20130909" Time="150817" Name="" export="">CalculateField E911MstrPnts2013 ADDRESS "[HNUM] + [HNUMS] +" " + [SNAME]" VB #</Process><Process ToolSource="c:\program files (x86)\arcgis\desktop10.1\ArcToolbox\Toolboxes\Data Management Tools.tbx\CalculateField" Date="20130909" Time="150931" Name="" export="">CalculateField E911MstrPnts2013 ADDRESS "[HNUM] + [HNUMS] +" " + [SNAME]" VB #</Process><Process ToolSource="c:\program files (x86)\arcgis\desktop10.1\ArcToolbox\Toolboxes\Data Management Tools.tbx\CalculateField" Date="20130909" Time="151014" Name="" export="">CalculateField E911MstrPnts2013 ADDRESS "[HNUM] + [HNUMS] +" " + [SNAME]" VB #</Process><Process ToolSource="c:\program files (x86)\arcgis\desktop10.1\ArcToolbox\Toolboxes\Data Management Tools.tbx\CalculateField" Date="20130909" Time="151917" Name="" export="">CalculateField E911MstrPnts2013 ADDRESS "[HNUM] + [HNUMS] +" " + [SNAME]" VB #</Process><Process ToolSource="c:\program files (x86)\arcgis\desktop10.1\ArcToolbox\Toolboxes\Data Management Tools.tbx\CalculateField" Date="20130909" Time="160505" Name="" export="">CalculateField E911MstrPnts2013 ADDRESS "[HNUM] + [HNUMS] +" " + [SNAME]" VB #</Process><Process ToolSource="c:\program files (x86)\arcgis\desktop10.1\ArcToolbox\Toolboxes\Data Management Tools.tbx\CalculateField" Date="20130909" Time="161346" Name="" export="">CalculateField E911MstrPnts2013 SNAME "WALLEN DR" VB #</Process><Process ToolSource="c:\program files (x86)\arcgis\desktop10.1\ArcToolbox\Toolboxes\Data Management Tools.tbx\CalculateField" Date="20130909" Time="161402" Name="" export="">CalculateField E911MstrPnts2013 Score 100 VB #</Process><Process ToolSource="c:\program files (x86)\arcgis\desktop10.1\ArcToolbox\Toolboxes\Data Management Tools.tbx\CalculateField" Date="20130909" Time="161417" Name="" export="">CalculateField E911MstrPnts2013 COMM "MSVL" VB #</Process><Process ToolSource="c:\program files (x86)\arcgis\desktop10.1\ArcToolbox\Toolboxes\Data Management Tools.tbx\CalculateField" Date="20130909" Time="161426" Name="" export="">CalculateField E911MstrPnts2013 ST "CA" VB #</Process><Process ToolSource="c:\program files (x86)\arcgis\desktop10.1\ArcToolbox\Toolboxes\Data Management Tools.tbx\CalculateField" Date="20130909" Time="161436" Name="" export="">CalculateField E911MstrPnts2013 ADDRESS "[HNUM] +" " + [SNAME]" VB #</Process><Process ToolSource="c:\program files (x86)\arcgis\desktop10.1\ArcToolbox\Toolboxes\Data Management Tools.tbx\CalculateField" Date="20130909" Time="161504" Name="" export="">CalculateField E911MstrPnts2013 Score 100 VB #</Process><Process ToolSource="c:\program files (x86)\arcgis\desktop10.1\ArcToolbox\Toolboxes\Data Management Tools.tbx\CalculateField" Date="20130909" Time="161527" Name="" export="">CalculateField E911MstrPnts2013 ADDRESS "[HNUM] +" " + [SNAME]" VB #</Process><Process ToolSource="c:\program files (x86)\arcgis\desktop10.1\ArcToolbox\Toolboxes\Data Management Tools.tbx\CalculateField" Date="20130909" Time="161618" Name="" export="">CalculateField E911MstrPnts2013 SNAME "JILLIAN DR" VB #</Process><Process ToolSource="c:\program files (x86)\arcgis\desktop10.1\ArcToolbox\Toolboxes\Data Management Tools.tbx\CalculateField" Date="20130909" Time="161626" Name="" export="">CalculateField E911MstrPnts2013 Score 100 VB #</Process><Process ToolSource="c:\program files (x86)\arcgis\desktop10.1\ArcToolbox\Toolboxes\Data Management Tools.tbx\CalculateField" Date="20130909" Time="161635" Name="" export="">CalculateField E911MstrPnts2013 Side "L" VB #</Process><Process ToolSource="c:\program files (x86)\arcgis\desktop10.1\ArcToolbox\Toolboxes\Data Management Tools.tbx\CalculateField" Date="20130909" Time="161646" Name="" export="">CalculateField E911MstrPnts2013 COMM "MSVL" VB #</Process><Process ToolSource="c:\program files (x86)\arcgis\desktop10.1\ArcToolbox\Toolboxes\Data Management Tools.tbx\CalculateField" Date="20130909" Time="161656" Name="" export="">CalculateField E911MstrPnts2013 ST "CA" VB #</Process><Process ToolSource="c:\program files (x86)\arcgis\desktop10.1\ArcToolbox\Toolboxes\Data Management Tools.tbx\CalculateField" Date="20130909" Time="161730" Name="" export="">CalculateField E911MstrPnts2013 ADDRESS "[HNUM] +" " + [SNAME]" VB #</Process><Process ToolSource="c:\program files (x86)\arcgis\desktop10.1\ArcToolbox\Toolboxes\Data Management Tools.tbx\CalculateField" Date="20130909" Time="161837" Name="" export="">CalculateField E911MstrPnts2013 Side "R" VB #</Process><Process ToolSource="c:\program files (x86)\arcgis\desktop10.1\ArcToolbox\Toolboxes\Data Management Tools.tbx\CalculateField" Date="20130909" Time="161911" Name="" export="">CalculateField E911MstrPnts2013 ADDRESS "[HNUM] +" " + [SNAME]" VB #</Process><Process ToolSource="c:\program files (x86)\arcgis\desktop10.1\ArcToolbox\Toolboxes\Data Management Tools.tbx\CalculateField" Date="20130909" Time="161932" Name="" export="">CalculateField E911MstrPnts2013 HNUM [PDIR] VB #</Process><Process ToolSource="c:\program files (x86)\arcgis\desktop10.1\ArcToolbox\Toolboxes\Data Management Tools.tbx\CalculateField" Date="20130909" Time="161943" Name="" export="">CalculateField E911MstrPnts2013 ADDRESS "[HNUM] +" " + [SNAME]" VB #</Process><Process ToolSource="c:\program files (x86)\arcgis\desktop10.1\ArcToolbox\Toolboxes\Data Management Tools.tbx\CalculateField" Date="20130909" Time="162141" Name="" export="">CalculateField E911MstrPnts2013 ADDRESS "[HNUM] +" " + [SNAME]" VB #</Process><Process ToolSource="c:\program files (x86)\arcgis\desktop10.1\ArcToolbox\Toolboxes\Data Management Tools.tbx\CalculateField" Date="20130909" Time="162245" Name="" export="">CalculateField E911MstrPnts2013 Score 100 VB #</Process><Process ToolSource="c:\program files (x86)\arcgis\desktop10.1\ArcToolbox\Toolboxes\Data Management Tools.tbx\CalculateField" Date="20130909" Time="162258" Name="" export="">CalculateField E911MstrPnts2013 SNAME "JANA WAY" VB #</Process><Process ToolSource="c:\program files (x86)\arcgis\desktop10.1\ArcToolbox\Toolboxes\Data Management Tools.tbx\CalculateField" Date="20130909" Time="162319" Name="" export="">CalculateField E911MstrPnts2013 COMM "MSVL" VB #</Process><Process ToolSource="c:\program files (x86)\arcgis\desktop10.1\ArcToolbox\Toolboxes\Data Management Tools.tbx\CalculateField" Date="20130909" Time="162329" Name="" export="">CalculateField E911MstrPnts2013 ST "CA" VB #</Process><Process ToolSource="c:\program files (x86)\arcgis\desktop10.1\ArcToolbox\Toolboxes\Data Management Tools.tbx\CalculateField" Date="20130909" Time="162418" Name="" export="">CalculateField E911MstrPnts2013 Side "R" VB #</Process><Process ToolSource="c:\program files (x86)\arcgis\desktop10.1\ArcToolbox\Toolboxes\Data Management Tools.tbx\CalculateField" Date="20130909" Time="162429" Name="" export="">CalculateField E911MstrPnts2013 Side "L" VB #</Process><Process ToolSource="c:\program files (x86)\arcgis\desktop10.1\ArcToolbox\Toolboxes\Data Management Tools.tbx\CalculateField" Date="20130909" Time="162441" Name="" export="">CalculateField E911MstrPnts2013 ADDRESS "[HNUM] +" " + [SNAME]" VB #</Process><Process ToolSource="c:\program files (x86)\arcgis\desktop10.1\ArcToolbox\Toolboxes\Data Management Tools.tbx\CalculateField" Date="20130909" Time="162540" Name="" export="">CalculateField E911MstrPnts2013 Side "R" VB #</Process><Process ToolSource="c:\program files (x86)\arcgis\desktop10.1\ArcToolbox\Toolboxes\Data Management Tools.tbx\CalculateField" Date="20130909" Time="162552" Name="" export="">CalculateField E911MstrPnts2013 Side "L" VB #</Process><Process ToolSource="c:\program files (x86)\arcgis\desktop10.1\ArcToolbox\Toolboxes\Data Management Tools.tbx\CalculateField" Date="20130909" Time="162608" Name="" export="">CalculateField E911MstrPnts2013 SNAME "BISHOP LN" VB #</Process><Process ToolSource="c:\program files (x86)\arcgis\desktop10.1\ArcToolbox\Toolboxes\Data Management Tools.tbx\CalculateField" Date="20130909" Time="162640" Name="" export="">CalculateField E911MstrPnts2013 ADDRESS "[HNUM] +" " + [SNAME]" VB #</Process><Process ToolSource="c:\program files (x86)\arcgis\desktop10.1\ArcToolbox\Toolboxes\Data Management Tools.tbx\CalculateField" Date="20130909" Time="162736" Name="" export="">CalculateField E911MstrPnts2013 ADDRESS "[HNUM] +" " + [SNAME]" VB #</Process><Process ToolSource="c:\program files (x86)\arcgis\desktop10.1\ArcToolbox\Toolboxes\Data Management Tools.tbx\CalculateField" Date="20130909" Time="163826" Name="" export="">CalculateField E911MstrPnts2013 Score 99 VB #</Process><Process ToolSource="c:\program files (x86)\arcgis\desktop10.1\ArcToolbox\Toolboxes\Data Management Tools.tbx\CalculateField" Date="20130909" Time="163906" Name="" export="">CalculateField E911MstrPnts2013 SNAME "SILVERBELL LN" VB #</Process><Process ToolSource="c:\program files (x86)\arcgis\desktop10.1\ArcToolbox\Toolboxes\Data Management Tools.tbx\CalculateField" Date="20130909" Time="163918" Name="" export="">CalculateField E911MstrPnts2013 COMM "BAFB" VB #</Process><Process ToolSource="c:\program files (x86)\arcgis\desktop10.1\ArcToolbox\Toolboxes\Data Management Tools.tbx\CalculateField" Date="20130909" Time="163926" Name="" export="">CalculateField E911MstrPnts2013 ST "CA" VB #</Process><Process ToolSource="c:\program files (x86)\arcgis\desktop10.1\ArcToolbox\Toolboxes\Data Management Tools.tbx\CalculateField" Date="20130909" Time="163936" Name="" export="">CalculateField E911MstrPnts2013 ADDRESS "[HNUM] +" " + [SNAME]" VB #</Process><Process ToolSource="c:\program files (x86)\arcgis\desktop10.1\ArcToolbox\Toolboxes\Data Management Tools.tbx\CalculateField" Date="20130909" Time="163948" Name="" export="">CalculateField E911MstrPnts2013 PDIR "L" VB #</Process><Process ToolSource="c:\program files (x86)\arcgis\desktop10.1\ArcToolbox\Toolboxes\Data Management Tools.tbx\CalculateField" Date="20130909" Time="163957" Name="" export="">CalculateField E911MstrPnts2013 PDIR "R" VB #</Process><Process ToolSource="c:\program files (x86)\arcgis\desktop10.1\ArcToolbox\Toolboxes\Data Management Tools.tbx\CalculateField" Date="20130909" Time="164116" Name="" export="">CalculateField E911MstrPnts2013 SNAME "SPRUCE LN" VB #</Process><Process ToolSource="c:\program files (x86)\arcgis\desktop10.1\ArcToolbox\Toolboxes\Data Management Tools.tbx\CalculateField" Date="20130909" Time="164127" Name="" export="">CalculateField E911MstrPnts2013 ADDRESS "[HNUM] +" " + [SNAME]" VB #</Process><Process ToolSource="c:\program files (x86)\arcgis\desktop10.1\ArcToolbox\Toolboxes\Data Management Tools.tbx\CalculateField" Date="20130909" Time="164236" Name="" export="">CalculateField E911MstrPnts2013 SNAME "LOCUST LN" VB #</Process><Process ToolSource="c:\program files (x86)\arcgis\desktop10.1\ArcToolbox\Toolboxes\Data Management Tools.tbx\CalculateField" Date="20130909" Time="164302" Name="" export="">CalculateField E911MstrPnts2013 ADDRESS "[HNUM] +" " + [SNAME]" VB #</Process><Process ToolSource="c:\program files (x86)\arcgis\desktop10.1\ArcToolbox\Toolboxes\Data Management Tools.tbx\CalculateField" Date="20130909" Time="164407" Name="" export="">CalculateField E911MstrPnts2013 SNAME "TULIP LN" VB #</Process><Process ToolSource="c:\program files (x86)\arcgis\desktop10.1\ArcToolbox\Toolboxes\Data Management Tools.tbx\CalculateField" Date="20130909" Time="164436" Name="" export="">CalculateField E911MstrPnts2013 ADDRESS "[HNUM] +" " + [SNAME]" VB #</Process><Process ToolSource="c:\program files (x86)\arcgis\desktop10.1\ArcToolbox\Toolboxes\Data Management Tools.tbx\CalculateField" Date="20130909" Time="164648" Name="" export="">CalculateField E911MstrPnts2013 SNAME "MAGNOLIA LN" VB #</Process><Process ToolSource="c:\program files (x86)\arcgis\desktop10.1\ArcToolbox\Toolboxes\Data Management Tools.tbx\CalculateField" Date="20130909" Time="164700" Name="" export="">CalculateField E911MstrPnts2013 ADDRESS "[HNUM] +" " + [SNAME]" VB #</Process><Process ToolSource="c:\program files (x86)\arcgis\desktop10.1\ArcToolbox\Toolboxes\Data Management Tools.tbx\CalculateField" Date="20130909" Time="164823" Name="" export="">CalculateField E911MstrPnts2013 SNAME "OLIVE LN" VB #</Process><Process ToolSource="c:\program files (x86)\arcgis\desktop10.1\ArcToolbox\Toolboxes\Data Management Tools.tbx\CalculateField" Date="20130909" Time="164835" Name="" export="">CalculateField E911MstrPnts2013 ADDRESS "[HNUM] +" " + [SNAME]" VB #</Process><Process ToolSource="c:\program files (x86)\arcgis\desktop10.1\ArcToolbox\Toolboxes\Data Management Tools.tbx\CalculateField" Date="20130909" Time="165007" Name="" export="">CalculateField E911MstrPnts2013 SNAME "CORAL LN" VB #</Process><Process ToolSource="c:\program files (x86)\arcgis\desktop10.1\ArcToolbox\Toolboxes\Data Management Tools.tbx\CalculateField" Date="20130909" Time="165037" Name="" export="">CalculateField E911MstrPnts2013 ADDRESS "[HNUM] +" " + [SNAME]" VB #</Process><Process ToolSource="c:\program files (x86)\arcgis\desktop10.1\ArcToolbox\Toolboxes\Data Management Tools.tbx\CalculateField" Date="20130909" Time="165343" Name="" export="">CalculateField E911MstrPnts2013 SNAME "LILAC LN" VB #</Process><Process ToolSource="c:\program files (x86)\arcgis\desktop10.1\ArcToolbox\Toolboxes\Data Management Tools.tbx\CalculateField" Date="20130909" Time="165400" Name="" export="">CalculateField E911MstrPnts2013 ADDRESS "[HNUM] +" " + [SNAME]" VB #</Process><Process ToolSource="c:\program files (x86)\arcgis\desktop10.1\ArcToolbox\Toolboxes\Data Management Tools.tbx\CalculateField" Date="20130909" Time="165517" Name="" export="">CalculateField E911MstrPnts2013 SNAME "QUINCE LN" VB #</Process><Process ToolSource="c:\program files (x86)\arcgis\desktop10.1\ArcToolbox\Toolboxes\Data Management Tools.tbx\CalculateField" Date="20130909" Time="165547" Name="" export="">CalculateField E911MstrPnts2013 ADDRESS "[HNUM] +" " + [SNAME]" VB #</Process><Process ToolSource="c:\program files (x86)\arcgis\desktop10.1\ArcToolbox\Toolboxes\Data Management Tools.tbx\CalculateField" Date="20130910" Time="110106" Name="" export="">CalculateField E911MstrPnts2013 SNAME "ALMOND LN" VB #</Process><Process ToolSource="c:\program files (x86)\arcgis\desktop10.1\ArcToolbox\Toolboxes\Data Management Tools.tbx\CalculateField" Date="20130910" Time="111536" Name="" export="">CalculateField E911MstrPnts2013 ADDRESS "[HNUM] +" " + [SNAME]" VB #</Process><Process ToolSource="c:\program files (x86)\arcgis\desktop10.1\ArcToolbox\Toolboxes\Data Management Tools.tbx\CalculateField" Date="20130910" Time="111717" Name="" export="">CalculateField E911MstrPnts2013 SNAME "HOLLY LN" VB #</Process><Process ToolSource="c:\program files (x86)\arcgis\desktop10.1\ArcToolbox\Toolboxes\Data Management Tools.tbx\CalculateField" Date="20130910" Time="111751" Name="" export="">CalculateField E911MstrPnts2013 ADDRESS "[HNUM] +" " + [SNAME]" VB #</Process><Process ToolSource="c:\program files (x86)\arcgis\desktop10.1\ArcToolbox\Toolboxes\Data Management Tools.tbx\CalculateField" Date="20130910" Time="111949" Name="" export="">CalculateField E911MstrPnts2013 SNAME "HAPPY LN" VB #</Process><Process ToolSource="c:\program files (x86)\arcgis\desktop10.1\ArcToolbox\Toolboxes\Data Management Tools.tbx\CalculateField" Date="20130910" Time="112039" Name="" export="">CalculateField E911MstrPnts2013 ADDRESS "[HNUM] +" " + [SNAME]" VB #</Process><Process ToolSource="c:\program files (x86)\arcgis\desktop10.1\ArcToolbox\Toolboxes\Data Management Tools.tbx\CalculateField" Date="20130910" Time="114506" Name="" export="">CalculateField E911MstrPnts2013 SNAME "ORICK WAY" VB #</Process><Process ToolSource="c:\program files (x86)\arcgis\desktop10.1\ArcToolbox\Toolboxes\Data Management Tools.tbx\CalculateField" Date="20130910" Time="114706" Name="" export="">CalculateField E911MstrPnts2013 ADDRESS "[HNUM] +" " + [SNAME]" VB #</Process><Process ToolSource="c:\program files (x86)\arcgis\desktop10.1\ArcToolbox\Toolboxes\Data Management Tools.tbx\CalculateField" Date="20130910" Time="114913" Name="" export="">CalculateField E911MstrPnts2013 ADDRESS "[HNUM] +" " + [SNAME]" VB #</Process><Process ToolSource="c:\program files (x86)\arcgis\desktop10.1\ArcToolbox\Toolboxes\Data Management Tools.tbx\CalculateField" Date="20130910" Time="134956" Name="" export="">CalculateField E911MstrPnts2013 SNAME "EVERGREEN LN" VB #</Process><Process ToolSource="c:\program files (x86)\arcgis\desktop10.1\ArcToolbox\Toolboxes\Data Management Tools.tbx\CalculateField" Date="20130910" Time="135007" Name="" export="">CalculateField E911MstrPnts2013 ADDRESS "[HNUM] +" " + [SNAME]" VB #</Process><Process ToolSource="c:\program files (x86)\arcgis\desktop10.1\ArcToolbox\Toolboxes\Data Management Tools.tbx\CalculateField" Date="20130910" Time="135225" Name="" export="">CalculateField E911MstrPnts2013 PDIR " " VB #</Process><Process ToolSource="c:\program files (x86)\arcgis\desktop10.1\ArcToolbox\Toolboxes\Data Management Tools.tbx\CalculateField" Date="20130910" Time="135454" Name="" export="">CalculateField E911MstrPnts2013 SNAME "ORCHID LN" VB #</Process><Process ToolSource="c:\program files (x86)\arcgis\desktop10.1\ArcToolbox\Toolboxes\Data Management Tools.tbx\CalculateField" Date="20130910" Time="135509" Name="" export="">CalculateField E911MstrPnts2013 ADDRESS "[HNUM] +" " + [SNAME]" VB #</Process><Process ToolSource="c:\program files (x86)\arcgis\desktop10.1\ArcToolbox\Toolboxes\Data Management Tools.tbx\CalculateField" Date="20130910" Time="135613" Name="" export="">CalculateField E911MstrPnts2013 SNAME "WILLOW LN" VB #</Process><Process ToolSource="c:\program files (x86)\arcgis\desktop10.1\ArcToolbox\Toolboxes\Data Management Tools.tbx\CalculateField" Date="20130910" Time="135640" Name="" export="">CalculateField E911MstrPnts2013 ADDRESS "[HNUM] +" " + [SNAME]" VB #</Process><Process ToolSource="c:\program files (x86)\arcgis\desktop10.1\ArcToolbox\Toolboxes\Data Management Tools.tbx\CalculateField" Date="20130910" Time="140004" Name="" export="">CalculateField E911MstrPnts2013 SNAME "CYPRESS LN" VB #</Process><Process ToolSource="c:\program files (x86)\arcgis\desktop10.1\ArcToolbox\Toolboxes\Data Management Tools.tbx\CalculateField" Date="20130910" Time="140045" Name="" export="">CalculateField E911MstrPnts2013 ADDRESS "[HNUM] +" " + [SNAME]" VB #</Process><Process ToolSource="c:\program files (x86)\arcgis\desktop10.1\ArcToolbox\Toolboxes\Data Management Tools.tbx\CalculateField" Date="20130910" Time="140118" Name="" export="">CalculateField E911MstrPnts2013 SNAME "WALNUT LN" VB #</Process><Process ToolSource="c:\program files (x86)\arcgis\desktop10.1\ArcToolbox\Toolboxes\Data Management Tools.tbx\CalculateField" Date="20130910" Time="140133" Name="" export="">CalculateField E911MstrPnts2013 ADDRESS "[HNUM] +" " + [SNAME]" VB #</Process><Process ToolSource="c:\program files (x86)\arcgis\desktop10.1\ArcToolbox\Toolboxes\Data Management Tools.tbx\CalculateField" Date="20130910" Time="140206" Name="" export="">CalculateField E911MstrPnts2013 SNAME "SYCAMORE LN" VB #</Process><Process ToolSource="c:\program files (x86)\arcgis\desktop10.1\ArcToolbox\Toolboxes\Data Management Tools.tbx\CalculateField" Date="20130910" Time="140219" Name="" export="">CalculateField E911MstrPnts2013 ADDRESS "[HNUM] +" " + [SNAME]" VB #</Process><Process ToolSource="c:\program files (x86)\arcgis\desktop10.1\ArcToolbox\Toolboxes\Data Management Tools.tbx\CalculateField" Date="20130910" Time="140602" Name="" export="">CalculateField E911MstrPnts2013 SNAME "ACACIA LN" VB #</Process><Process ToolSource="c:\program files (x86)\arcgis\desktop10.1\ArcToolbox\Toolboxes\Data Management Tools.tbx\CalculateField" Date="20130910" Time="140642" Name="" export="">CalculateField E911MstrPnts2013 ADDRESS "[HNUM] +" " + [SNAME]" VB #</Process><Process ToolSource="c:\program files (x86)\arcgis\desktop10.1\ArcToolbox\Toolboxes\Data Management Tools.tbx\CalculateField" Date="20130910" Time="140753" Name="" export="">CalculateField E911MstrPnts2013 SNAME "PINE LN" VB #</Process><Process ToolSource="c:\program files (x86)\arcgis\desktop10.1\ArcToolbox\Toolboxes\Data Management Tools.tbx\CalculateField" Date="20130910" Time="140806" Name="" export="">CalculateField E911MstrPnts2013 ADDRESS "[HNUM] +" " + [SNAME]" VB #</Process><Process ToolSource="c:\program files (x86)\arcgis\desktop10.1\ArcToolbox\Toolboxes\Data Management Tools.tbx\CalculateField" Date="20130910" Time="140859" Name="" export="">CalculateField E911MstrPnts2013 SNAME "MANZANITA LN" VB #</Process><Process ToolSource="c:\program files (x86)\arcgis\desktop10.1\ArcToolbox\Toolboxes\Data Management Tools.tbx\CalculateField" Date="20130910" Time="140924" Name="" export="">CalculateField E911MstrPnts2013 ADDRESS "[HNUM] +" " + [SNAME]" VB #</Process><Process ToolSource="c:\program files (x86)\arcgis\desktop10.1\ArcToolbox\Toolboxes\Data Management Tools.tbx\CalculateField" Date="20130910" Time="141619" Name="" export="">CalculateField E911MstrPnts2013 COMM "MSVL" VB #</Process><Process ToolSource="c:\program files (x86)\arcgis\desktop10.1\ArcToolbox\Toolboxes\Data Management Tools.tbx\CalculateField" Date="20130910" Time="141951" Name="" export="">CalculateField E911MstrPnts2013 SNAME "CHANDLER RD" VB #</Process><Process ToolSource="c:\program files (x86)\arcgis\desktop10.1\ArcToolbox\Toolboxes\Data Management Tools.tbx\CalculateField" Date="20130910" Time="150709" Name="" export="">CalculateField E911MstrPnts2013 ADDRESS "[HNUM] +" " + [SNAME]" VB #</Process><Process ToolSource="c:\program files (x86)\arcgis\desktop10.1\ArcToolbox\Toolboxes\Data Management Tools.tbx\CalculateField" Date="20130910" Time="151735" Name="" export="">CalculateField E911MstrPnts2013 ADDRESS "[HNUM] + [HNUMS] +" " + [SNAME]" VB #</Process><Process ToolSource="c:\program files (x86)\arcgis\desktop10.1\ArcToolbox\Toolboxes\Data Management Tools.tbx\CalculateField" Date="20130910" Time="152020" Name="" export="">CalculateField E911MstrPnts2013 ADDRESS "[HNUM] + [HNUMS] +" " + [SNAME]" VB #</Process><Process ToolSource="c:\program files (x86)\arcgis\desktop10.1\ArcToolbox\Toolboxes\Data Management Tools.tbx\CalculateField" Date="20130910" Time="161548" Name="" export="">CalculateField E911MstrPnts2013 ADDRESS "[HNUM] +" " + [SNAME]" VB #</Process><Process ToolSource="c:\program files (x86)\arcgis\desktop10.1\ArcToolbox\Toolboxes\Data Management Tools.tbx\CalculateField" Date="20130910" Time="161625" Name="" export="">CalculateField E911MstrPnts2013 Side "R" VB #</Process><Process ToolSource="c:\program files (x86)\arcgis\desktop10.1\ArcToolbox\Toolboxes\Data Management Tools.tbx\CalculateField" Date="20130910" Time="161713" Name="" export="">CalculateField E911MstrPnts2013 ADDRESS "[HNUM] +" " + [SNAME]" VB #</Process><Process ToolSource="c:\program files (x86)\arcgis\desktop10.1\ArcToolbox\Toolboxes\Data Management Tools.tbx\CalculateField" Date="20130910" Time="161855" Name="" export="">CalculateField E911MstrPnts2013 ADDRESS "[HNUM] +" " + [SNAME]" VB #</Process><Process ToolSource="c:\program files (x86)\arcgis\desktop10.1\ArcToolbox\Toolboxes\Data Management Tools.tbx\CalculateField" Date="20130910" Time="162017" Name="" export="">CalculateField E911MstrPnts2013 ADDRESS "[HNUM] +" " + [SNAME]" VB #</Process><Process ToolSource="c:\program files (x86)\arcgis\desktop10.1\ArcToolbox\Toolboxes\Data Management Tools.tbx\CalculateField" Date="20130910" Time="162323" Name="" export="">CalculateField E911MstrPnts2013 ADDRESS "[HNUM] +" " + [SNAME]" VB #</Process><Process ToolSource="c:\program files (x86)\arcgis\desktop10.1\ArcToolbox\Toolboxes\Data Management Tools.tbx\CalculateField" Date="20130910" Time="162636" Name="" export="">CalculateField E911MstrPnts2013 ADDRESS "[HNUM] +" " + [SNAME]" VB #</Process><Process ToolSource="c:\program files (x86)\arcgis\desktop10.1\ArcToolbox\Toolboxes\Data Management Tools.tbx\CalculateField" Date="20130910" Time="163241" Name="" export="">CalculateField E911MstrPnts2013 ADDRESS "[HNUM] +" " + [SNAME]" VB #</Process><Process ToolSource="c:\program files (x86)\arcgis\desktop10.1\ArcToolbox\Toolboxes\Data Management Tools.tbx\CalculateField" Date="20130910" Time="163430" Name="" export="">CalculateField E911MstrPnts2013 ADDRESS "[HNUM] +" " + [SNAME]" VB #</Process><Process ToolSource="c:\program files (x86)\arcgis\desktop10.1\ArcToolbox\Toolboxes\Data Management Tools.tbx\CalculateField" Date="20130910" Time="163514" Name="" export="">CalculateField E911MstrPnts2013 ADDRESS "[HNUM] +" " + [SNAME]" VB #</Process><Process ToolSource="c:\program files (x86)\arcgis\desktop10.1\ArcToolbox\Toolboxes\Data Management Tools.tbx\CalculateField" Date="20130910" Time="163736" Name="" export="">CalculateField E911MstrPnts2013 ADDRESS "[HNUM] +" " + [SNAME]" VB #</Process><Process ToolSource="c:\program files (x86)\arcgis\desktop10.1\ArcToolbox\Toolboxes\Data Management Tools.tbx\CalculateField" Date="20130910" Time="164022" Name="" export="">CalculateField E911MstrPnts2013 ADDRESS "[HNUM] +" " + [SNAME]" VB #</Process><Process ToolSource="c:\program files (x86)\arcgis\desktop10.1\ArcToolbox\Toolboxes\Data Management Tools.tbx\CalculateField" Date="20130910" Time="164206" Name="" export="">CalculateField E911MstrPnts2013 ADDRESS "[HNUM] +" " + [SNAME]" VB #</Process><Process ToolSource="c:\program files (x86)\arcgis\desktop10.1\ArcToolbox\Toolboxes\Data Management Tools.tbx\CalculateField" Date="20130910" Time="164512" Name="" export="">CalculateField E911MstrPnts2013 ADDRESS "[HNUM] +" " + [SNAME]" VB #</Process><Process ToolSource="c:\program files (x86)\arcgis\desktop10.1\ArcToolbox\Toolboxes\Data Management Tools.tbx\CalculateField" Date="20130910" Time="164653" Name="" export="">CalculateField E911MstrPnts2013 ADDRESS "[HNUM] +" " + [SNAME]" VB #</Process><Process ToolSource="c:\program files (x86)\arcgis\desktop10.1\ArcToolbox\Toolboxes\Data Management Tools.tbx\CalculateField" Date="20130910" Time="164835" Name="" export="">CalculateField E911MstrPnts2013 ADDRESS "[HNUM] +" " + [SNAME]" VB #</Process><Process ToolSource="c:\program files (x86)\arcgis\desktop10.1\ArcToolbox\Toolboxes\Data Management Tools.tbx\CalculateField" Date="20130910" Time="164931" Name="" export="">CalculateField E911MstrPnts2013 ADDRESS "[HNUM] +" " + [SNAME]" VB #</Process><Process ToolSource="c:\program files (x86)\arcgis\desktop10.1\ArcToolbox\Toolboxes\Data Management Tools.tbx\CalculateField" Date="20130910" Time="165006" Name="" export="">CalculateField E911MstrPnts2013 ADDRESS "[HNUM] +" " + [SNAME]" VB #</Process><Process ToolSource="c:\program files (x86)\arcgis\desktop10.1\ArcToolbox\Toolboxes\Data Management Tools.tbx\CalculateField" Date="20130910" Time="165432" Name="" export="">CalculateField E911MstrPnts2013 Score 100 VB #</Process><Process ToolSource="c:\program files (x86)\arcgis\desktop10.1\ArcToolbox\Toolboxes\Data Management Tools.tbx\CalculateField" Date="20130910" Time="165706" Name="" export="">CalculateField E911MstrPnts2013 ADDRESS "[HNUM] + [HNUMS] +" " + [SNAME]" VB #</Process><Process ToolSource="c:\program files (x86)\arcgis\desktop10.1\ArcToolbox\Toolboxes\Data Management Tools.tbx\CalculateField" Date="20130911" Time="115725" Name="" export="">CalculateField E911MstrPnts2013 COMM "ORE HSE" VB #</Process><Process ToolSource="c:\program files (x86)\arcgis\desktop10.1\ArcToolbox\Toolboxes\Data Management Tools.tbx\CalculateField" Date="20130911" Time="145609" Name="" export="">CalculateField E911MstrPnts2013 COMM "MSVL" VB #</Process><Process ToolSource="c:\program files (x86)\arcgis\desktop10.1\ArcToolbox\Toolboxes\Data Management Tools.tbx\CalculateField" Date="20130911" Time="145812" Name="" export="">CalculateField E911MstrPnts2013 COMM "MSVL" VB #</Process><Process ToolSource="c:\program files (x86)\arcgis\desktop10.1\ArcToolbox\Toolboxes\Data Management Tools.tbx\CalculateField" Date="20130911" Time="145945" Name="" export="">CalculateField E911MstrPnts2013 COMM "MSVL" VB #</Process><Process ToolSource="c:\program files (x86)\arcgis\desktop10.1\ArcToolbox\Toolboxes\Data Management Tools.tbx\CalculateField" Date="20130911" Time="150025" Name="" export="">CalculateField E911MstrPnts2013 COMM "WHTD" VB #</Process><Process ToolSource="c:\program files (x86)\arcgis\desktop10.1\ArcToolbox\Toolboxes\Data Management Tools.tbx\CalculateField" Date="20130911" Time="150046" Name="" export="">CalculateField E911MstrPnts2013 COMM "WHTD" VB #</Process><Process ToolSource="c:\program files (x86)\arcgis\desktop10.1\ArcToolbox\Toolboxes\Data Management Tools.tbx\CalculateField" Date="20130911" Time="150112" Name="" export="">CalculateField E911MstrPnts2013 COMM "WHTD" VB #</Process><Process ToolSource="c:\program files (x86)\arcgis\desktop10.1\ArcToolbox\Toolboxes\Data Management Tools.tbx\CalculateField" Date="20130911" Time="150135" Name="" export="">CalculateField E911MstrPnts2013 COMM "MSVL" VB #</Process><Process ToolSource="c:\program files (x86)\arcgis\desktop10.1\ArcToolbox\Toolboxes\Data Management Tools.tbx\CalculateField" Date="20130911" Time="150154" Name="" export="">CalculateField E911MstrPnts2013 COMM "WHTD" VB #</Process><Process ToolSource="c:\program files (x86)\arcgis\desktop10.1\ArcToolbox\Toolboxes\Data Management Tools.tbx\CalculateField" Date="20130911" Time="150226" Name="" export="">CalculateField E911MstrPnts2013 COMM "MSVL" VB #</Process><Process ToolSource="c:\program files (x86)\arcgis\desktop10.1\ArcToolbox\Toolboxes\Data Management Tools.tbx\CalculateField" Date="20130911" Time="150248" Name="" export="">CalculateField E911MstrPnts2013 COMM "MSVL" VB #</Process><Process ToolSource="c:\program files (x86)\arcgis\desktop10.1\ArcToolbox\Toolboxes\Data Management Tools.tbx\CalculateField" Date="20130911" Time="150403" Name="" export="">CalculateField E911MstrPnts2013 COMM "MSVL" VB #</Process><Process ToolSource="c:\program files (x86)\arcgis\desktop10.1\ArcToolbox\Toolboxes\Data Management Tools.tbx\CalculateField" Date="20130912" Time="152923" Name="" export="">CalculateField E911MstrPnts2013 SNAME ' '.join(sname) PYTHON "line = '!ADDRESS!'\nseq = line.split()\nseq\nsname=seq[1:]\n\n"</Process><Process ToolSource="c:\program files (x86)\arcgis\desktop10.1\ArcToolbox\Toolboxes\Data Management Tools.tbx\CalculateField" Date="20130912" Time="153626" Name="" export="">CalculateField E911MstrPnts2013 SNAME ' '.join(sname) PYTHON_9.3 "line = '!ADDRESS!'\nseq = line.split()\nseq\nsname=seq[1:]"</Process><Process ToolSource="c:\program files (x86)\arcgis\desktop10.1\ArcToolbox\Toolboxes\Data Management Tools.tbx\CalculateField" Date="20130912" Time="153652" Name="" export="">CalculateField E911MstrPnts2013 SNAME ' '.join(sname) PYTHON "line = '!ADDRESS!'\nseq = line.split()\nseq\nsname=seq[1:]\n\n"</Process><Process ToolSource="c:\program files (x86)\arcgis\desktop10.1\ArcToolbox\Toolboxes\Data Management Tools.tbx\CalculateField" Date="20130912" Time="153953" Name="" export="">CalculateField E911MstrPnts2013 SNAME ' '.join(sname) PYTHON_9.3 "line = '!ADDRESS!'\nseq = line.split()\nseq\nsname=seq[1:]\n"</Process><Process ToolSource="c:\program files (x86)\arcgis\desktop10.1\ArcToolbox\Toolboxes\Data Management Tools.tbx\CalculateField" Date="20130912" Time="164939" Name="" export="">CalculateField E911MstrPnts2013 SNAME ' '.join(sname)
 PYTHON_9.3 "line = '!ADDRESS!'\nseq = line.split()\nseq\nsname=seq[1:]\n"</Process><Process ToolSource="c:\program files (x86)\arcgis\desktop10.1\ArcToolbox\Toolboxes\Data Management Tools.tbx\CalculateField" Date="20130913" Time="115132" Name="" export="">CalculateField E911MstrPnts2013 SNAME ' '.join(sname) PYTHON_9.3 "line = '!ADDRESS!'\nseq = line.split()\nseq\nsname=seq[1:]"</Process><Process ToolSource="c:\program files (x86)\arcgis\desktop10.1\ArcToolbox\Toolboxes\Data Management Tools.tbx\CalculateField" Date="20130913" Time="115325" Name="" export="">CalculateField E911MstrPnts2013 SNAME ' '.join(sname) PYTHON "line = '!ADDRESS!'\nseq = line.split()\nseq\nsname=seq[1:]"</Process><Process ToolSource="c:\program files (x86)\arcgis\desktop10.1\ArcToolbox\Toolboxes\Data Management Tools.tbx\CalculateField" Date="20130913" Time="145503" Name="" export="">CalculateField E911MstrPnts2013 SNAME ' '.join(sna) PYTHON_9.3 "line = '!ADDRESS!'\nseq = line.split()\nseq\nsna=seq[1:]"</Process><Process ToolSource="c:\program files (x86)\arcgis\desktop10.1\ArcToolbox\Toolboxes\Data Management Tools.tbx\CalculateField" Date="20130913" Time="145549" Name="" export="">CalculateField E911MstrPnts2013 SNAME ' '.join(sna) PYTHON_9.3 "line = '!ADDRESS!'\nseq = line.split()\nseq\nsna=seq[1:]"</Process><Process ToolSource="c:\program files (x86)\arcgis\desktop10.1\ArcToolbox\Toolboxes\Data Management Tools.tbx\CalculateField" Date="20130913" Time="150347" Name="" export="">CalculateField E911MstrPnts2013 SNAME Right( [ADDRESS],len( [ADDRESS]) - InStr( [ADDRESS]," "  )  ) VB #</Process><Process ToolSource="c:\program files (x86)\arcgis\desktop10.1\ArcToolbox\Toolboxes\Data Management Tools.tbx\CalculateField" Date="20130913" Time="150942" Name="" export="">CalculateField E911MstrPnts2013 SNAME Right( [ADDRESS],len( [ADDRESS]) - InStr( [ADDRESS]," "  )  ) VB #</Process><Process ToolSource="c:\program files (x86)\arcgis\desktop10.1\ArcToolbox\Toolboxes\Data Management Tools.tbx\CalculateField" Date="20130913" Time="153244" Name="" export="">CalculateField E911MstrPnts2013 SNAME Right( [ADDRESS],len( [ADDRESS]) - InStr( [ADDRESS]," "  )  ) VB #</Process><Process ToolSource="c:\program files (x86)\arcgis\desktop10.1\ArcToolbox\Toolboxes\Data Management Tools.tbx\CalculateField" Date="20130913" Time="160844" Name="" export="">CalculateField E911MstrPnts2013 SNAME Right( [ADDRESS],len( [ADDRESS]) - InStr( [ADDRESS]," "  )  ) VB #</Process><Process ToolSource="c:\program files (x86)\arcgis\desktop10.1\ArcToolbox\Toolboxes\Data Management Tools.tbx\CalculateField" Date="20130913" Time="162324" Name="" export="">CalculateField E911MstrPnts2013 SNAME Right( [ADDRESS],len( [ADDRESS]) - InStr( [ADDRESS]," "  )  ) VB #</Process><Process ToolSource="c:\program files (x86)\arcgis\desktop10.1\ArcToolbox\Toolboxes\Data Management Tools.tbx\CalculateField" Date="20130923" Time="092540" Name="" export="">CalculateField E911MstrPnts2013 COMM "BRWNSVL" VB #</Process><Process ToolSource="c:\program files (x86)\arcgis\desktop10.1\ArcToolbox\Toolboxes\Data Management Tools.tbx\CalculateField" Date="20130923" Time="092639" Name="" export="">CalculateField E911MstrPnts2013 COMM "DBNS" VB #</Process><Process ToolSource="c:\program files (x86)\arcgis\desktop10.1\ArcToolbox\Toolboxes\Data Management Tools.tbx\CalculateField" Date="20130923" Time="092747" Name="" export="">CalculateField E911MstrPnts2013 COMM "DBNS" VB #</Process><Process ToolSource="c:\program files (x86)\arcgis\desktop10.1\ArcToolbox\Toolboxes\Data Management Tools.tbx\CalculateField" Date="20130923" Time="092841" Name="" export="">CalculateField E911MstrPnts2013 COMM "DBNS" VB #</Process><Process ToolSource="c:\program files (x86)\arcgis\desktop10.1\ArcToolbox\Toolboxes\Data Management Tools.tbx\CalculateField" Date="20130923" Time="093041" Name="" export="">CalculateField E911MstrPnts2013 COMM "DBNS" VB #</Process><Process ToolSource="c:\program files (x86)\arcgis\desktop10.1\ArcToolbox\Toolboxes\Data Management Tools.tbx\CalculateField" Date="20130923" Time="093130" Name="" export="">CalculateField E911MstrPnts2013 COMM "DBNS" VB #</Process><Process ToolSource="c:\program files (x86)\arcgis\desktop10.1\ArcToolbox\Toolboxes\Data Management Tools.tbx\CalculateField" Date="20130923" Time="093204" Name="" export="">CalculateField E911MstrPnts2013 COMM "DBNS" VB #</Process><Process ToolSource="c:\program files (x86)\arcgis\desktop10.1\ArcToolbox\Toolboxes\Data Management Tools.tbx\CalculateField" Date="20130923" Time="093317" Name="" export="">CalculateField E911MstrPnts2013 COMM "CMPTNVL" VB #</Process><Process ToolSource="c:\program files (x86)\arcgis\desktop10.1\ArcToolbox\Toolboxes\Data Management Tools.tbx\CalculateField" Date="20130923" Time="093417" Name="" export="">CalculateField E911MstrPnts2013 COMM "CMPTNVL" VB #</Process><Process ToolSource="c:\program files (x86)\arcgis\desktop10.1\ArcToolbox\Toolboxes\Data Management Tools.tbx\CalculateField" Date="20130923" Time="093500" Name="" export="">CalculateField E911MstrPnts2013 COMM "CMPTNVL" VB #</Process><Process ToolSource="c:\program files (x86)\arcgis\desktop10.1\ArcToolbox\Toolboxes\Data Management Tools.tbx\CalculateField" Date="20130923" Time="093609" Name="" export="">CalculateField E911MstrPnts2013 COMM "STRWBRY VLY" VB #</Process><Process ToolSource="c:\program files (x86)\arcgis\desktop10.1\ArcToolbox\Toolboxes\Data Management Tools.tbx\CalculateField" Date="20130923" Time="093642" Name="" export="">CalculateField E911MstrPnts2013 COMM "STRWBRY VLY" VB #</Process><Process ToolSource="c:\program files (x86)\arcgis\desktop10.1\ArcToolbox\Toolboxes\Data Management Tools.tbx\CalculateField" Date="20130923" Time="093756" Name="" export="">CalculateField E911MstrPnts2013 COMM "STRWBRY VLY" VB #</Process><Process ToolSource="c:\program files (x86)\arcgis\desktop10.1\ArcToolbox\Toolboxes\Data Management Tools.tbx\CalculateField" Date="20130923" Time="093903" Name="" export="">CalculateField E911MstrPnts2013 COMM "CHLNG" VB #</Process><Process ToolSource="c:\program files (x86)\arcgis\desktop10.1\ArcToolbox\Toolboxes\Data Management Tools.tbx\CalculateField" Date="20130923" Time="093950" Name="" export="">CalculateField E911MstrPnts2013 COMM "CHLNG" VB #</Process><Process ToolSource="c:\program files (x86)\arcgis\desktop10.1\ArcToolbox\Toolboxes\Data Management Tools.tbx\CalculateField" Date="20130923" Time="094110" Name="" export="">CalculateField E911MstrPnts2013 COMM "CHLNG" VB #</Process><Process ToolSource="c:\program files (x86)\arcgis\desktop10.1\ArcToolbox\Toolboxes\Data Management Tools.tbx\CalculateField" Date="20130923" Time="094218" Name="" export="">CalculateField E911MstrPnts2013 COMM "FRBSTWN" VB #</Process><Process ToolSource="c:\program files (x86)\arcgis\desktop10.1\ArcToolbox\Toolboxes\Data Management Tools.tbx\CalculateField" Date="20130923" Time="094240" Name="" export="">CalculateField E911MstrPnts2013 COMM "FRBSTWN" VB #</Process><Process ToolSource="c:\program files (x86)\arcgis\desktop10.1\ArcToolbox\Toolboxes\Data Management Tools.tbx\CalculateField" Date="20130923" Time="094359" Name="" export="">CalculateField E911MstrPnts2013 COMM "FRBSTWN" VB #</Process><Process ToolSource="c:\program files (x86)\arcgis\desktop10.1\ArcToolbox\Toolboxes\Data Management Tools.tbx\CalculateField" Date="20130923" Time="094445" Name="" export="">CalculateField E911MstrPnts2013 COMM "CHLNG" VB #</Process><Process ToolSource="c:\program files (x86)\arcgis\desktop10.1\ArcToolbox\Toolboxes\Data Management Tools.tbx\CalculateField" Date="20130923" Time="094543" Name="" export="">CalculateField E911MstrPnts2013 COMM "BRWNSVL" VB #</Process><Process ToolSource="c:\program files (x86)\arcgis\desktop10.1\ArcToolbox\Toolboxes\Data Management Tools.tbx\CalculateField" Date="20130923" Time="094623" Name="" export="">CalculateField E911MstrPnts2013 COMM "BRWNSVL" VB #</Process><Process ToolSource="c:\program files (x86)\arcgis\desktop10.1\ArcToolbox\Toolboxes\Data Management Tools.tbx\CalculateField" Date="20130923" Time="094643" Name="" export="">CalculateField E911MstrPnts2013 COMM "BRWNSVL" VB #</Process><Process ToolSource="c:\program files (x86)\arcgis\desktop10.1\ArcToolbox\Toolboxes\Data Management Tools.tbx\CalculateField" Date="20130923" Time="094707" Name="" export="">CalculateField E911MstrPnts2013 COMM "CHLNG" VB #</Process><Process ToolSource="c:\program files (x86)\arcgis\desktop10.1\ArcToolbox\Toolboxes\Data Management Tools.tbx\CalculateField" Date="20130923" Time="101854" Name="" export="">CalculateField E911MstrPnts2013 COMM "RCKRBY" VB #</Process><Process ToolSource="c:\program files (x86)\arcgis\desktop10.1\ArcToolbox\Toolboxes\Data Management Tools.tbx\CalculateField" Date="20130923" Time="111430" Name="" export="">CalculateField E911MstrPnts2013 COMM "CHLNG" VB #</Process><Process ToolSource="c:\program files (x86)\arcgis\desktop10.1\ArcToolbox\Toolboxes\Data Management Tools.tbx\CalculateField" Date="20130923" Time="111455" Name="" export="">CalculateField E911MstrPnts2013 COMM "BRWNSVL" VB #</Process><Process ToolSource="c:\program files (x86)\arcgis\desktop10.1\ArcToolbox\Toolboxes\Data Management Tools.tbx\CalculateField" Date="20130923" Time="111528" Name="" export="">CalculateField E911MstrPnts2013 COMM "RCKRBY" VB #</Process><Process ToolSource="c:\program files (x86)\arcgis\desktop10.1\ArcToolbox\Toolboxes\Data Management Tools.tbx\CalculateField" Date="20130923" Time="111606" Name="" export="">CalculateField E911MstrPnts2013 COMM "BRWNSVL" VB #</Process><Process ToolSource="c:\program files (x86)\arcgis\desktop10.1\ArcToolbox\Toolboxes\Data Management Tools.tbx\CalculateField" Date="20130923" Time="111705" Name="" export="">CalculateField E911MstrPnts2013 COMM "DBNS" VB #</Process><Process ToolSource="c:\program files (x86)\arcgis\desktop10.1\ArcToolbox\Toolboxes\Data Management Tools.tbx\CalculateField" Date="20130923" Time="113356" Name="" export="">CalculateField E911MstrPnts2013 COMM "ORE HSE" VB #</Process><Process ToolSource="c:\program files (x86)\arcgis\desktop10.1\ArcToolbox\Toolboxes\Data Management Tools.tbx\CalculateField" Date="20130923" Time="113426" Name="" export="">CalculateField E911MstrPnts2013 COMM "ORE HSE" VB #</Process><Process ToolSource="c:\program files (x86)\arcgis\desktop10.1\ArcToolbox\Toolboxes\Data Management Tools.tbx\CalculateField" Date="20130923" Time="113509" Name="" export="">CalculateField E911MstrPnts2013 COMM "ORE HSE" VB #</Process><Process ToolSource="c:\program files (x86)\arcgis\desktop10.1\ArcToolbox\Toolboxes\Data Management Tools.tbx\CalculateField" Date="20130923" Time="113539" Name="" export="">CalculateField E911MstrPnts2013 COMM "ORE HSE" VB #</Process><Process ToolSource="c:\program files (x86)\arcgis\desktop10.1\ArcToolbox\Toolboxes\Data Management Tools.tbx\CalculateField" Date="20130923" Time="113627" Name="" export="">CalculateField E911MstrPnts2013 COMM "LOMA RICA" VB #</Process><Process ToolSource="c:\program files (x86)\arcgis\desktop10.1\ArcToolbox\Toolboxes\Data Management Tools.tbx\CalculateField" Date="20130923" Time="113754" Name="" export="">CalculateField E911MstrPnts2013 COMM "BRWNS VLY" VB #</Process><Process ToolSource="c:\program files (x86)\arcgis\desktop10.1\ArcToolbox\Toolboxes\Data Management Tools.tbx\CalculateField" Date="20130923" Time="113822" Name="" export="">CalculateField E911MstrPnts2013 COMM "BRWNS VLY" VB #</Process><Process ToolSource="c:\program files (x86)\arcgis\desktop10.1\ArcToolbox\Toolboxes\Data Management Tools.tbx\CalculateField" Date="20130923" Time="113849" Name="" export="">CalculateField E911MstrPnts2013 COMM "BRWNS VLY" VB #</Process><Process ToolSource="c:\program files (x86)\arcgis\desktop10.1\ArcToolbox\Toolboxes\Data Management Tools.tbx\CalculateField" Date="20130923" Time="113922" Name="" export="">CalculateField E911MstrPnts2013 COMM "BRWNS VLY" VB #</Process><Process ToolSource="c:\program files (x86)\arcgis\desktop10.1\ArcToolbox\Toolboxes\Data Management Tools.tbx\CalculateField" Date="20130923" Time="113949" Name="" export="">CalculateField E911MstrPnts2013 COMM "LOMA RICA" VB #</Process><Process ToolSource="c:\program files (x86)\arcgis\desktop10.1\ArcToolbox\Toolboxes\Data Management Tools.tbx\CalculateField" Date="20130923" Time="114038" Name="" export="">CalculateField E911MstrPnts2013 COMM "BRWNSVL" VB #</Process><Process ToolSource="c:\program files (x86)\arcgis\desktop10.1\ArcToolbox\Toolboxes\Data Management Tools.tbx\CalculateField" Date="20130923" Time="114122" Name="" export="">CalculateField E911MstrPnts2013 COMM "ORE HSE" VB #</Process><Process ToolSource="c:\program files (x86)\arcgis\desktop10.1\ArcToolbox\Toolboxes\Data Management Tools.tbx\CalculateField" Date="20130923" Time="114424" Name="" export="">CalculateField E911MstrPnts2013 COMM "SMTSVL" VB #</Process><Process ToolSource="c:\program files (x86)\arcgis\desktop10.1\ArcToolbox\Toolboxes\Data Management Tools.tbx\CalculateField" Date="20130923" Time="114441" Name="" export="">CalculateField E911MstrPnts2013 COMM "SMTSVL" VB #</Process><Process ToolSource="c:\program files (x86)\arcgis\desktop10.1\ArcToolbox\Toolboxes\Data Management Tools.tbx\CalculateField" Date="20130923" Time="114520" Name="" export="">CalculateField E911MstrPnts2013 COMM "SMTSVL" VB #</Process><Process ToolSource="c:\program files (x86)\arcgis\desktop10.1\ArcToolbox\Toolboxes\Data Management Tools.tbx\CalculateField" Date="20130923" Time="114609" Name="" export="">CalculateField E911MstrPnts2013 COMM "BRWNS VLY" VB #</Process><Process ToolSource="c:\program files (x86)\arcgis\desktop10.1\ArcToolbox\Toolboxes\Data Management Tools.tbx\CalculateField" Date="20130923" Time="114645" Name="" export="">CalculateField E911MstrPnts2013 COMM "BRWNS VLY" VB #</Process><Process ToolSource="c:\program files (x86)\arcgis\desktop10.1\ArcToolbox\Toolboxes\Data Management Tools.tbx\CalculateField" Date="20130923" Time="114711" Name="" export="">CalculateField E911MstrPnts2013 COMM "SMTSVL" VB #</Process><Process ToolSource="c:\program files (x86)\arcgis\desktop10.1\ArcToolbox\Toolboxes\Data Management Tools.tbx\CalculateField" Date="20130923" Time="115113" Name="" export="">CalculateField E911MstrPnts2013 COMM "MSVLL" VB #</Process><Process ToolSource="c:\program files (x86)\arcgis\desktop10.1\ArcToolbox\Toolboxes\Data Management Tools.tbx\CalculateField" Date="20130923" Time="115125" Name="" export="">CalculateField E911MstrPnts2013 COMM "MSVL" VB #</Process><Process ToolSource="c:\program files (x86)\arcgis\desktop10.1\ArcToolbox\Toolboxes\Data Management Tools.tbx\CalculateField" Date="20130923" Time="115237" Name="" export="">CalculateField E911MstrPnts2013 COMM "MSVL" VB #</Process><Process ToolSource="c:\program files (x86)\arcgis\desktop10.1\ArcToolbox\Toolboxes\Data Management Tools.tbx\CalculateField" Date="20130923" Time="121001" Name="" export="">CalculateField E911MstrPnts2013 COMM "MSVL" VB #</Process><Process ToolSource="c:\program files (x86)\arcgis\desktop10.1\ArcToolbox\Toolboxes\Data Management Tools.tbx\CalculateField" Date="20130923" Time="130613" Name="" export="">CalculateField E911MstrPnts2013 COMM "WHTD" VB #</Process><Process ToolSource="c:\program files (x86)\arcgis\desktop10.1\ArcToolbox\Toolboxes\Data Management Tools.tbx\CalculateField" Date="20130923" Time="130738" Name="" export="">CalculateField E911MstrPnts2013 COMM "WHTD" VB #</Process><Process ToolSource="c:\program files (x86)\arcgis\desktop10.1\ArcToolbox\Toolboxes\Data Management Tools.tbx\CalculateField" Date="20130923" Time="130903" Name="" export="">CalculateField E911MstrPnts2013 COMM "MSVL" VB #</Process><Process ToolSource="c:\program files (x86)\arcgis\desktop10.1\ArcToolbox\Toolboxes\Data Management Tools.tbx\CalculateField" Date="20130923" Time="132558" Name="" export="">CalculateField E911MstrPnts2013 COMM "OLVHRST" VB #</Process><Process ToolSource="c:\program files (x86)\arcgis\desktop10.1\ArcToolbox\Toolboxes\Data Management Tools.tbx\CalculateField" Date="20130923" Time="133440" Name="" export="">CalculateField E911MstrPnts2013 COMM "OLVHRST" VB #</Process><Process ToolSource="c:\program files (x86)\arcgis\desktop10.1\ArcToolbox\Toolboxes\Data Management Tools.tbx\CalculateField" Date="20130923" Time="133841" Name="" export="">CalculateField E911MstrPnts2013 COMM "MSVL" VB #</Process><Process ToolSource="c:\program files (x86)\arcgis\desktop10.1\ArcToolbox\Toolboxes\Data Management Tools.tbx\CalculateField" Date="20130923" Time="140236" Name="" export="">CalculateField E911MstrPnts2013 COMM "HALLWOOD" VB #</Process><Process ToolSource="c:\program files (x86)\arcgis\desktop10.1\ArcToolbox\Toolboxes\Data Management Tools.tbx\CalculateField" Date="20130923" Time="140409" Name="" export="">CalculateField E911MstrPnts2013 COMM "MSVL" VB #</Process><Process ToolSource="c:\program files (x86)\arcgis\desktop10.1\ArcToolbox\Toolboxes\Data Management Tools.tbx\CalculateField" Date="20130923" Time="142318" Name="" export="">CalculateField E911MstrPnts2013 COMM "LINDA" VB #</Process><Process ToolSource="c:\program files (x86)\arcgis\desktop10.1\ArcToolbox\Toolboxes\Data Management Tools.tbx\CalculateField" Date="20130923" Time="142756" Name="" export="">CalculateField E911MstrPnts2013 COMM "MSVL" VB #</Process><Process ToolSource="c:\program files (x86)\arcgis\desktop10.1\ArcToolbox\Toolboxes\Data Management Tools.tbx\CalculateField" Date="20130923" Time="143002" Name="" export="">CalculateField E911MstrPnts2013 COMM "CHLNG" VB #</Process><Process ToolSource="c:\program files (x86)\arcgis\desktop10.1\ArcToolbox\Toolboxes\Data Management Tools.tbx\CalculateField" Date="20130923" Time="143229" Name="" export="">CalculateField E911MstrPnts2013 COMM "MSVL" VB #</Process><Process ToolSource="c:\program files (x86)\arcgis\desktop10.1\ArcToolbox\Toolboxes\Data Management Tools.tbx\CalculateField" Date="20130923" Time="143404" Name="" export="">CalculateField E911MstrPnts2013 COMM "OLVHRST" VB #</Process><Process ToolSource="c:\program files (x86)\arcgis\desktop10.1\ArcToolbox\Toolboxes\Data Management Tools.tbx\CalculateField" Date="20130923" Time="143613" Name="" export="">CalculateField E911MstrPnts2013 COMM "LOMA RICA" VB #</Process><Process ToolSource="c:\program files (x86)\arcgis\desktop10.1\ArcToolbox\Toolboxes\Data Management Tools.tbx\CalculateField" Date="20130923" Time="144030" Name="" export="">CalculateField E911MstrPnts2013 COMM "MSVL" VB #</Process><Process ToolSource="c:\program files (x86)\arcgis\desktop10.1\ArcToolbox\Toolboxes\Data Management Tools.tbx\CalculateField" Date="20130925" Time="080950" Name="" export="">CalculateField E911MstrPnts2013 Community ARBOGA VB #</Process><Process ToolSource="c:\program files (x86)\arcgis\desktop10.1\ArcToolbox\Toolboxes\Data Management Tools.tbx\CalculateField" Date="20130925" Time="081325" Name="" export="">CalculateField E911MstrPnts2013 Community "ARBOGA" VB #</Process><Process ToolSource="c:\program files (x86)\arcgis\desktop10.1\ArcToolbox\Toolboxes\Data Management Tools.tbx\CalculateField" Date="20130925" Time="082222" Name="" export="">CalculateField E911MstrPnts2013 Community "Beale Air Force Base" VB #</Process><Process ToolSource="c:\program files (x86)\arcgis\desktop10.1\ArcToolbox\Toolboxes\Data Management Tools.tbx\CalculateField" Date="20130925" Time="082335" Name="" export="">CalculateField E911MstrPnts2013 Community "Beale Air Force Base" VB #</Process><Process ToolSource="c:\program files (x86)\arcgis\desktop10.1\ArcToolbox\Toolboxes\Data Management Tools.tbx\CalculateField" Date="20130925" Time="082618" Name="" export="">CalculateField E911MstrPnts2013 Community "Oregon House" VB #</Process><Process ToolSource="c:\program files (x86)\arcgis\desktop10.1\ArcToolbox\Toolboxes\Data Management Tools.tbx\CalculateField" Date="20130925" Time="082741" Name="" export="">CalculateField E911MstrPnts2013 Community "Browns Valley" VB #</Process><Process ToolSource="c:\program files (x86)\arcgis\desktop10.1\ArcToolbox\Toolboxes\Data Management Tools.tbx\CalculateField" Date="20130925" Time="082805" Name="" export="">CalculateField E911MstrPnts2013 Community "Brownsville" VB #</Process><Process ToolSource="c:\program files (x86)\arcgis\desktop10.1\ArcToolbox\Toolboxes\Data Management Tools.tbx\CalculateField" Date="20130925" Time="082828" Name="" export="">CalculateField E911MstrPnts2013 Community "Challenge" VB #</Process><Process ToolSource="c:\program files (x86)\arcgis\desktop10.1\ArcToolbox\Toolboxes\Data Management Tools.tbx\CalculateField" Date="20130925" Time="082859" Name="" export="">CalculateField E911MstrPnts2013 Community "Clipper Mills" VB #</Process><Process ToolSource="c:\program files (x86)\arcgis\desktop10.1\ArcToolbox\Toolboxes\Data Management Tools.tbx\CalculateField" Date="20130925" Time="082923" Name="" export="">CalculateField E911MstrPnts2013 Community "Dobbins" VB #</Process><Process ToolSource="c:\program files (x86)\arcgis\desktop10.1\ArcToolbox\Toolboxes\Data Management Tools.tbx\CalculateField" Date="20130925" Time="083016" Name="" export="">CalculateField E911MstrPnts2013 Community "Forbestown" VB #</Process><Process ToolSource="c:\program files (x86)\arcgis\desktop10.1\ArcToolbox\Toolboxes\Data Management Tools.tbx\CalculateField" Date="20130925" Time="083039" Name="" export="">CalculateField E911MstrPnts2013 Community "Hallwood" VB #</Process><Process ToolSource="c:\program files (x86)\arcgis\desktop10.1\ArcToolbox\Toolboxes\Data Management Tools.tbx\CalculateField" Date="20130925" Time="083150" Name="" export="">CalculateField E911MstrPnts2013 Community "Linda" VB #</Process><Process ToolSource="c:\program files (x86)\arcgis\desktop10.1\ArcToolbox\Toolboxes\Data Management Tools.tbx\CalculateField" Date="20130925" Time="083240" Name="" export="">CalculateField E911MstrPnts2013 Community "Loma Rica" VB #</Process><Process ToolSource="c:\program files (x86)\arcgis\desktop10.1\ArcToolbox\Toolboxes\Data Management Tools.tbx\CalculateField" Date="20130925" Time="083404" Name="" export="">CalculateField E911MstrPnts2013 Community "Marysville" VB #</Process><Process ToolSource="c:\program files (x86)\arcgis\desktop10.1\ArcToolbox\Toolboxes\Data Management Tools.tbx\CalculateField" Date="20130925" Time="083438" Name="" export="">CalculateField E911MstrPnts2013 Community "Olivehurst" VB #</Process><Process ToolSource="c:\program files (x86)\arcgis\desktop10.1\ArcToolbox\Toolboxes\Data Management Tools.tbx\CalculateField" Date="20130925" Time="083516" Name="" export="">CalculateField E911MstrPnts2013 Community "Oregon House" VB #</Process><Process ToolSource="c:\program files (x86)\arcgis\desktop10.1\ArcToolbox\Toolboxes\Data Management Tools.tbx\CalculateField" Date="20130925" Time="083607" Name="" export="">CalculateField E911MstrPnts2013 Community "Rackerby" VB #</Process><Process ToolSource="c:\program files (x86)\arcgis\desktop10.1\ArcToolbox\Toolboxes\Data Management Tools.tbx\CalculateField" Date="20130925" Time="083716" Name="" export="">CalculateField E911MstrPnts2013 COMM "SMTSVL" VB #</Process><Process ToolSource="c:\program files (x86)\arcgis\desktop10.1\ArcToolbox\Toolboxes\Data Management Tools.tbx\CalculateField" Date="20130925" Time="083731" Name="" export="">CalculateField E911MstrPnts2013 Community "Smartsville" VB #</Process><Process ToolSource="c:\program files (x86)\arcgis\desktop10.1\ArcToolbox\Toolboxes\Data Management Tools.tbx\CalculateField" Date="20130925" Time="083809" Name="" export="">CalculateField E911MstrPnts2013 Community "Strawberry Valley" VB #</Process><Process ToolSource="c:\program files (x86)\arcgis\desktop10.1\ArcToolbox\Toolboxes\Data Management Tools.tbx\CalculateField" Date="20130925" Time="083839" Name="" export="">CalculateField E911MstrPnts2013 Community "Wheatland" VB #</Process><Process ToolSource="c:\program files (x86)\arcgis\desktop10.1\ArcToolbox\Toolboxes\Data Management Tools.tbx\CalculateField" Date="20130925" Time="083930" Name="" export="">CalculateField E911MstrPnts2013 Community "Camptonville" VB #</Process><Process ToolSource="c:\program files (x86)\arcgis\desktop10.1\ArcToolbox\Toolboxes\Data Management Tools.tbx\CalculateField" Date="20130925" Time="084045" Name="" export="">CalculateField E911MstrPnts2013 Community "Smartsville" VB #</Process><Process ToolSource="c:\program files (x86)\arcgis\desktop10.1\ArcToolbox\Toolboxes\Data Management Tools.tbx\CalculateField" Date="20131219" Time="091110" Name="" export="">CalculateField E911MstrPnts2013 Side "R" VB #</Process><Process ToolSource="c:\program files (x86)\arcgis\desktop10.1\ArcToolbox\Toolboxes\Data Management Tools.tbx\CalculateField" Date="20131219" Time="091124" Name="" export="">CalculateField E911MstrPnts2013 Side "R" VB #</Process></lineage><itemProps><itemLocation><linkage Sync="TRUE">file://\\IT069\C$\Users\KAtkinson\Desktop\AddressPoints\E911Mstr</linkage><protocol Sync="TRUE">Local Area Network</protocol></itemLocation></itemProps><copyHistory><copy source="Y:\GIS_DATA\Public\Parcels\Address Points\E911Mstr" dest="\\IT069\C$\Users\KAtkinson\Desktop\AddressPoints\E911Mstr" date="20141202" time="10544300"/></copyHistory></DataProperties><ArcGISFormat>1.0</ArcGISFormat><ArcGISstyle>North American Profile of ISO19115 2003</ArcGISstyle><scaleRange><minScale>150000000</minScale><maxScale>5000</maxScale></scaleRange><ArcGISProfile>ItemDescription</ArcGISProfile></Esri><idinfo><native Sync="TRUE">Microsoft Windows XP Version 5.1 (Build 2600) Service Pack 2; ESRI ArcCatalog 9.2.6.1500</native><descript><langdata Sync="TRUE">en</langdata><abstract>Warning: This data set is a work in progress and should only be used as a reference. It is neither to be assumed to be 100% accurate nor 100% complete. It has been used to assist in dispatch and finding general vicinity. POINT file compiled from processing ATT Data CD, against Assessor data, parcel data and street centerlines. Used as master set and used to geocode new data to.</abstract><purpose>for use by County emergency service, sheriff etc. and as part of the E911 data CD processing. </purpose><supplinf>Each month data is cleaned up and new points are added.</supplinf></descript><citation><citeinfo><origin>Camptonville Volunteer staff via GPS unit</origin><pubdate>Unpublished Material</pubdate><title Sync="TRUE">E911MstrPnts</title><ftname Sync="TRUE">E911MstrPnts</ftname><geoform Sync="TRUE">vector digital data</geoform><onlink Sync="TRUE">\\IT071\C$\GIS_Working\E911_u\2013E911.gdb</onlink></citeinfo></citation><timeperd><current>publication date</current><timeinfo><mdattim><sngdate><caldate>12/14/2008</caldate></sngdate></mdattim></timeinfo></timeperd><status><progress>Complete</progress><update>None planned</update></status><spdom><bounding><westbc Sync="TRUE">-121.613585</westbc><eastbc Sync="TRUE">-121.028099</eastbc><northbc Sync="TRUE">39.587988</northbc><southbc Sync="TRUE">38.963529</southbc></bounding><lboundng><leftbc Sync="TRUE">6671530.102275</leftbc><rightbc Sync="TRUE">6835581.814197</rightbc><bottombc Sync="TRUE">2114172.677812</bottombc><topbc Sync="TRUE">2340392.495712</topbc></lboundng><minalti Sync="TRUE">0.000000</minalti><maxalti Sync="TRUE">3509.135409</maxalti></spdom><keywords><theme><themekt>NONE</themekt><themekey>E911</themekey><themekey>AT&amp;T</themekey><themekey>Address and Phone points</themekey><themekey>Yuba Fire Safe Council</themekey></theme><place><placekey>Yuba County</placekey></place></keywords><accconst>None</accconst><useconst>Information on the map is not intended to constitute permanent advise nor is it to be used as a substitute for specific advice from a professional. You should not act (or refrain from acting) based upon information on this data without independently verifying the information and, as necessary, obtaining professional advice regarding your particular facts and circumstances. Phone numbers and addresses can change rapidly so use your best judgement.</useconst><natvform Sync="TRUE">File Geodatabase Feature Class</natvform><ptcontac><cntinfo><cntperp><cntper>Katie Atkinson</cntper><cntorg>County of Yuba</cntorg></cntperp><cntpos>Analyst</cntpos><cntvoice>(530) 749-7890</cntvoice><cntemail>pstimson@co.yuba.ca.us</cntemail><hours>8-5 m-f</hours></cntinfo></ptcontac><datacred>AT&amp;T E911 &amp; YC geocode</datacred></idinfo><dataIdInfo><envirDesc Sync="TRUE">Microsoft Windows XP Version 5.1 (Build 2600) Service Pack 2; ESRI ArcCatalog 9.2.6.1500</envirDesc><dataLang><languageCode Sync="TRUE" value="en"/></dataLang><idCitation><resTitle Sync="TRUE">E911MstrPnts</resTitle><presForm><PresFormCd Sync="TRUE" value="005"/></presForm></idCitation><spatRpType><SpatRepTypCd Sync="TRUE" value="001"/></spatRpType><dataExt><geoEle><GeoBndBox esriExtentType="native"><westBL Sync="TRUE">6671530.102275</westBL><eastBL Sync="TRUE">6835581.814197</eastBL><northBL Sync="TRUE">2340392.495712</northBL><southBL Sync="TRUE">2114172.677812</southBL><exTypeCode Sync="TRUE">1</exTypeCode></GeoBndBox></geoEle></dataExt><geoBox esriExtentType="decdegrees"><westBL Sync="TRUE">-121.613585</westBL><eastBL Sync="TRUE">-121.028099</eastBL><northBL Sync="TRUE">39.587988</northBL><southBL Sync="TRUE">38.963529</southBL><exTypeCode Sync="TRUE">1</exTypeCode></geoBox><idPurp>for use by County emergency service, sheriff etc. and as part of the E911 data CD processing. </idPurp><idAbs>&lt;DIV STYLE="text-align:Left;"&gt;&lt;DIV&gt;&lt;P&gt;&lt;SPAN&gt;Warning: This data set is a work in progress and should only be used as a reference. It is neither to be assumed to be 100% accurate nor 100% complete. It has been used to assist in dispatch and finding general vicinity. &lt;/SPAN&gt;&lt;/P&gt;&lt;P&gt;&lt;SPAN&gt;POINT file compiled from processing ATT Data CD, against Assessor data, parcel data and street centerlines. Used as master set and used to geocode new data to.&lt;/SPAN&gt;&lt;/P&gt;&lt;/DIV&gt;&lt;/DIV&gt;</idAbs><idCredit>AT&amp;T E911 &amp; YC geocode</idCredit><searchKeys><keyword>E911</keyword><keyword>AT&amp;T</keyword><keyword>Address and Phone points</keyword><keyword>Yuba Fire Safe Council</keyword></searchKeys><resConst><Consts><useLimit>&lt;DIV STYLE="text-align:Left;"&gt;&lt;DIV&gt;&lt;P&gt;&lt;SPAN&gt;Information on the map is not intended to constitute permanent advise nor is it to be used as a substitute for specific advice from a professional. You should not act (or refrain from acting) based upon information on this data without independently verifying the information and, as necessary, obtaining professional advice regarding your particular facts and circumstances. Phone numbers and addresses can change rapidly so use your best judgement.&lt;/SPAN&gt;&lt;/P&gt;&lt;/DIV&gt;&lt;/DIV&gt;</useLimit></Consts></resConst></dataIdInfo><metainfo><langmeta Sync="TRUE">en</langmeta><metstdn Sync="TRUE">FGDC Content Standards for Digital Geospatial Metadata</metstdn><metstdv Sync="TRUE">FGDC-STD-001-1998</metstdv><mettc Sync="TRUE">local time</mettc><metc><cntinfo><cntorgp><cntper>Katie Atkinson</cntper><cntorg>Yuba County IT</cntorg></cntorgp><cntaddr><addrtype>mailing and physical address</addrtype><city>Marysville</city><state>CA</state><postal>95918</postal><address>915 8th St.</address><country>USA</country></cntaddr><cntvoice>(530) 749-7890</cntvoice><cntpos>Analyst II</cntpos></cntinfo></metc><metd Sync="TRUE">20091214</metd><metextns><onlink Sync="TRUE">http://www.esri.com/metadata/esriprof80.html</onlink><metprof Sync="TRUE">ESRI Metadata Profile</metprof></metextns></metainfo><mdLang><languageCode Sync="TRUE" value="en"/></mdLang><mdStanName Sync="TRUE">ISO 19115 Geographic Information - Metadata</mdStanName><mdStanVer Sync="TRUE">DIS_ESRI1.0</mdStanVer><mdChar><CharSetCd Sync="TRUE" value="004"/></mdChar><mdHrLv><ScopeCd Sync="TRUE" value="005"/></mdHrLv><mdHrLvName Sync="TRUE">dataset</mdHrLvName><distinfo><resdesc>Ownership from the Assessor's Database established USA parcels MHM survey established FERC boundary oriented over aerial not geopositioned with a survey. accuracy requirements was +/- 40'. The information on this map product is collected from various sources and will change over time without notice. Yuba County and its officials and employees assume no responsibility or legal liability for the accuracy, completeness, reliability, timeliness, or usefulness of any information available on this map or layers nor do they represent that the use of any information will not infringe on privately  owned rights.</resdesc><distliab>The data available on this map including all maps, layers, tables,  numbers, graphics, and text (hereinafter collectively referred to as the "information"), is provided on an "AS IS", AS AVAILABLE" and "WITH ALL FAULTS" basis. Neither Yuba County nor any of its officials and employees makes and warranty of any kind for this information express or implied, including but not limited to any warranties or merchantability or fitness for a particular purpose, nor shall the distribution of this information constitute and warranty. 
References to any specific commercial product, process, service by trade name, trademark, or Manufacturer, do not constitute or imply endorsement, recommendation, or favoring by Yuba County and it officials and employees.
</distliab><stdorder><digform><digtinfo><transize Sync="TRUE">0.002</transize><dssize Sync="TRUE">0.002</dssize></digtinfo></digform></stdorder></distinfo><distInfo><distributor><distorTran><onLineSrc><orDesc Sync="TRUE">002</orDesc><linkage Sync="TRUE">file://\\IT071\C$\GIS_Working\E911_u\2013E911.gdb</linkage><protocol Sync="TRUE">Local Area Network</protocol></onLineSrc><transSize Sync="TRUE">0.002</transSize></distorTran><distorFormat><formatName Sync="TRUE">File Geodatabase Feature Class</formatName></distorFormat></distributor></distInfo><mdDateSt Sync="TRUE">20141202</mdDateSt><dataqual><lineage><procstep><procdesc Sync="TRUE">Metadata imported.</procdesc><srcused Sync="TRUE">C:\GIS_Data_katkinson\VirtualCampus\Metadata\Workflow\Templates\MyWork\YubaCountySOImetadata.xml</srcused><date Sync="TRUE">20090121</date><time Sync="TRUE">09544900</time></procstep><procstep><procdesc Sync="TRUE">Metadata imported.</procdesc><srcused Sync="TRUE">C:\GIS_Data_katkinson\VirtualCampus\Metadata\Workflow\Templates\MyWork\FERCmetadata.xml</srcused><date Sync="TRUE">20090123</date><time Sync="TRUE">08594000</time></procstep><procstep><procdesc Sync="TRUE">Dataset moved.</procdesc><srcused Sync="TRUE">C:\GIS_Data_katkinson\VirtualCampus\Metadata\Workflow\Templates\MyWork\GPSGrantmetadata</srcused><date Sync="TRUE">20090330</date><time Sync="TRUE">08543900</time></procstep><procstep><procdesc Sync="TRUE">Metadata imported.</procdesc><srcused Sync="TRUE">C:\GIS_Data_katkinson\MetaDataTemplates\GPSGrantmetadata.xml</srcused><date Sync="TRUE">20091214</date><time Sync="TRUE">14252700</time></procstep><procstep><procdesc Sync="TRUE">Metadata imported.</procdesc><srcused Sync="TRUE">C:\GIS_Data_katkinson\MetaDataTemplates\E911.xml</srcused><date Sync="TRUE">20091214</date><time Sync="TRUE">14351200</time></procstep><procstep><procdesc Sync="TRUE">Dataset copied.</procdesc><srcused Sync="TRUE">\\IT099\C$\GIS_Working\E911\2010E911.gdb</srcused><date Sync="TRUE">20110114</date><time Sync="TRUE">15281500</time></procstep><procstep><procdesc Sync="TRUE">Dataset copied.</procdesc><srcused Sync="TRUE">\\IT099\GIS_Working\E911_u\2011E911.gdb</srcused><date Sync="TRUE">20120109</date><time Sync="TRUE">10343100</time></procstep><procstep><procdesc Sync="TRUE">Dataset copied.</procdesc><srcused Sync="TRUE">\\IT071\C$\GIS_Working\E911_u\2012E911.gdb</srcused><date Sync="TRUE">20130114</date><time Sync="TRUE">10563100</time></procstep><procstep><procdesc Sync="TRUE">Dataset copied.</procdesc><srcused Sync="TRUE">\\IT071\C$\GIS_Working\E911_u\2012E911.gdb</srcused><date Sync="TRUE">20130114</date><time Sync="TRUE">11184200</time></procstep></lineage></dataqual><spdoinfo><direct Sync="TRUE">Vector</direct><ptvctinf><esriterm Name="E911MstrPnts"><efeatyp Sync="TRUE">Simple</efeatyp><efeageom Sync="TRUE">Point</efeageom><esritopo Sync="TRUE">FALSE</esritopo><efeacnt Sync="TRUE">39931</efeacnt><spindex Sync="TRUE">TRUE</spindex><linrefer Sync="TRUE">FALSE</linrefer></esriterm><sdtsterm Name="E911MstrPnts"><sdtstype Sync="TRUE">Entity point</sdtstype><ptvctcnt Sync="TRUE">39931</ptvctcnt></sdtsterm></ptvctinf></spdoinfo><spref><horizsys><cordsysn><geogcsn Sync="TRUE">GCS_North_American_1983</geogcsn><projcsn Sync="TRUE">NAD_1983_StatePlane_California_II_FIPS_0402_Feet</projcsn></cordsysn><planar><planci><plance Sync="TRUE">coordinate pair</plance><plandu Sync="TRUE">survey feet</plandu><coordrep><absres Sync="TRUE">0.000000</absres><ordres Sync="TRUE">0.000000</ordres></coordrep></planci><mapproj><mapprojn Sync="TRUE">Lambert Conformal Conic</mapprojn><lambertc><stdparll Sync="TRUE">38.333333</stdparll><stdparll Sync="TRUE">39.833333</stdparll><longcm Sync="TRUE">-122.000000</longcm><latprjo Sync="TRUE">37.666667</latprjo><feast Sync="TRUE">6561666.666667</feast><fnorth Sync="TRUE">1640416.666667</fnorth></lambertc></mapproj></planar><geodetic><horizdn Sync="TRUE">North American Datum of 1983</horizdn><ellips Sync="TRUE">Geodetic Reference System 80</ellips><semiaxis Sync="TRUE">6378137.000000</semiaxis><denflat Sync="TRUE">298.257222</denflat></geodetic></horizsys><vertdef><altsys><altenc Sync="TRUE">Explicit elevation coordinate included with horizontal coordinates</altenc><altres Sync="TRUE">1.000000</altres></altsys></vertdef></spref><refSysInfo><RefSystem><refSysID><identCode Sync="TRUE">NAD_1983_StatePlane_California_II_FIPS_0402_Feet</identCode></refSysID></RefSystem></refSysInfo><spatRepInfo><VectSpatRep><topLvl><TopoLevCd Sync="TRUE" value="001"/></topLvl><geometObjs Name="E911MstrPnts"><geoObjTyp><GeoObjTypCd Sync="TRUE" value="004"/></geoObjTyp><geoObjCnt Sync="TRUE">39931</geoObjCnt></geometObjs></VectSpatRep></spatRepInfo><eainfo><detailed Name="E911MstrPnts"><enttyp><enttypl Sync="TRUE">E911MstrPnts</enttypl><enttypt Sync="TRUE">Feature Class</enttypt><enttypc Sync="TRUE">39931</enttypc></enttyp><attr><attrlabl Sync="TRUE">COMM</attrlabl><attalias Sync="TRUE">COMM</attalias><attrtype Sync="TRUE">String</attrtype><attwidth Sync="TRUE">255</attwidth><atprecis Sync="TRUE">0</atprecis><attscale Sync="TRUE">0</attscale></attr><attr><attrlabl Sync="TRUE">Shape</attrlabl><attalias Sync="TRUE">Shape</attalias><attrtype Sync="TRUE">Geometry</attrtype><attwidth Sync="TRUE">0</attwidth><atprecis Sync="TRUE">0</atprecis><attscale Sync="TRUE">0</attscale><attrdef Sync="TRUE">Feature geometry.</attrdef><attrdefs Sync="TRUE">ESRI</attrdefs><attrdomv><udom Sync="TRUE">Coordinates defining the features.</udom></attrdomv></attr><attr><attrlabl Sync="TRUE">Status</attrlabl><attalias Sync="TRUE">Status</attalias><attrtype Sync="TRUE">String</attrtype><attwidth Sync="TRUE">1</attwidth><atprecis Sync="TRUE">0</atprecis><attscale Sync="TRUE">0</attscale></attr><attr><attrlabl Sync="TRUE">Score</attrlabl><attalias Sync="TRUE">Score</attalias><attrtype Sync="TRUE">SmallInteger</attrtype><attwidth Sync="TRUE">2</attwidth><atprecis Sync="TRUE">0</atprecis><attscale Sync="TRUE">0</attscale></attr><attr><attrlabl Sync="TRUE">TNUM</attrlabl><attalias Sync="TRUE">TNUM</attalias><attrtype Sync="TRUE">String</attrtype><attwidth Sync="TRUE">255</attwidth><atprecis Sync="TRUE">0</atprecis><attscale Sync="TRUE">0</attscale></attr><attr><attrlabl Sync="TRUE">HNUM</attrlabl><attalias Sync="TRUE">HNUM</attalias><attrtype Sync="TRUE">String</attrtype><attwidth Sync="TRUE">255</attwidth><atprecis Sync="TRUE">0</atprecis><attscale Sync="TRUE">0</attscale></attr><attr><attrlabl Sync="TRUE">HNUMS</attrlabl><attalias Sync="TRUE">HNUMS</attalias><attrtype Sync="TRUE">String</attrtype><attwidth Sync="TRUE">255</attwidth><atprecis Sync="TRUE">0</atprecis><attscale Sync="TRUE">0</attscale></attr><attr><attrlabl Sync="TRUE">PDIR</attrlabl><attalias Sync="TRUE">PDIR</attalias><attrtype Sync="TRUE">String</attrtype><attwidth Sync="TRUE">255</attwidth><atprecis Sync="TRUE">0</atprecis><attscale Sync="TRUE">0</attscale></attr><attr><attrlabl Sync="TRUE">SNAME</attrlabl><attalias Sync="TRUE">SNAME</attalias><attrtype Sync="TRUE">String</attrtype><attwidth Sync="TRUE">255</attwidth><atprecis Sync="TRUE">0</atprecis><attscale Sync="TRUE">0</attscale></attr><attr><attrlabl Sync="TRUE">ADDRESS</attrlabl><attalias Sync="TRUE">ADDRESS</attalias><attrtype Sync="TRUE">String</attrtype><attwidth Sync="TRUE">255</attwidth><atprecis Sync="TRUE">0</atprecis><attscale Sync="TRUE">0</attscale></attr><attr><attrlabl Sync="TRUE">ST</attrlabl><attalias Sync="TRUE">ST</attalias><attrtype Sync="TRUE">String</attrtype><attwidth Sync="TRUE">255</attwidth><atprecis Sync="TRUE">0</atprecis><attscale Sync="TRUE">0</attscale></attr><attr><attrlabl Sync="TRUE">OBJECTID_1</attrlabl><attalias Sync="TRUE">OBJECTID_1</attalias><attrtype Sync="TRUE">OID</attrtype><attwidth Sync="TRUE">4</attwidth><atprecis Sync="TRUE">0</atprecis><attscale Sync="TRUE">0</attscale><attrdef Sync="TRUE">Internal feature number.</attrdef><attrdefs Sync="TRUE">ESRI</attrdefs><attrdomv><udom Sync="TRUE">Sequential unique whole numbers that are automatically generated.</udom></attrdomv></attr><attr><attrlabl Sync="TRUE">SFXDIR</attrlabl><attalias Sync="TRUE">SFXDIR</attalias><attrtype Sync="TRUE">String</attrtype><attwidth Sync="TRUE">255</attwidth><atprecis Sync="TRUE">0</atprecis><attscale Sync="TRUE">0</attscale></attr><attr><attrlabl Sync="TRUE">Side</attrlabl><attalias Sync="TRUE">Side</attalias><attrtype Sync="TRUE">String</attrtype><attwidth Sync="TRUE">1</attwidth><atprecis Sync="TRUE">0</atprecis><attscale Sync="TRUE">0</attscale></attr></detailed></eainfo></metadata>
